<?xml version="1.0" encoding="UTF-8"?>
<gpx version="1.1" creator="vienna_map" xmlns="http://www.topografix.com/GPX/1/1">
  <trk><name>2026-04-30</name><trkseg>
      <trkpt lat="48.2038160" lon="16.3825500"/>
      <trkpt lat="48.2034360" lon="16.3820440"/>
      <trkpt lat="48.2031340" lon="16.3816430"/>
      <trkpt lat="48.2030930" lon="16.3815890"/>
      <trkpt lat="48.2030370" lon="16.3815120"/>
      <trkpt lat="48.2030020" lon="16.3814620"/>
      <trkpt lat="48.2027040" lon="16.3810620"/>
      <trkpt lat="48.2025070" lon="16.3807990"/>
      <trkpt lat="48.2023170" lon="16.3805820"/>
      <trkpt lat="48.2021250" lon="16.3803800"/>
      <trkpt lat="48.2019440" lon="16.3801160"/>
      <trkpt lat="48.2019020" lon="16.3800730"/>
      <trkpt lat="48.2017910" lon="16.3799600"/>
      <trkpt lat="48.2016700" lon="16.3798370"/>
      <trkpt lat="48.2010890" lon="16.3792060"/>
      <trkpt lat="48.2008350" lon="16.3788360"/>
      <trkpt lat="48.2006730" lon="16.3786210"/>
      <trkpt lat="48.2004920" lon="16.3783500"/>
      <trkpt lat="48.2003560" lon="16.3781490"/>
      <trkpt lat="48.2002140" lon="16.3779200"/>
      <trkpt lat="48.1999500" lon="16.3774400"/>
      <trkpt lat="48.1999290" lon="16.3774020"/>
      <trkpt lat="48.1998850" lon="16.3773290"/>
      <trkpt lat="48.1998330" lon="16.3772290"/>
      <trkpt lat="48.1998130" lon="16.3771920"/>
      <trkpt lat="48.1997930" lon="16.3771550"/>
      <trkpt lat="48.1996640" lon="16.3769130"/>
      <trkpt lat="48.1995820" lon="16.3767490"/>
      <trkpt lat="48.1995080" lon="16.3766080"/>
      <trkpt lat="48.1994040" lon="16.3764190"/>
      <trkpt lat="48.1993750" lon="16.3763640"/>
      <trkpt lat="48.1993400" lon="16.3762960"/>
      <trkpt lat="48.1992660" lon="16.3762080"/>
      <trkpt lat="48.1993290" lon="16.3757740"/>
      <trkpt lat="48.1993380" lon="16.3757020"/>
      <trkpt lat="48.1993380" lon="16.3756840"/>
      <trkpt lat="48.1993390" lon="16.3756300"/>
      <trkpt lat="48.1993320" lon="16.3755810"/>
      <trkpt lat="48.1993300" lon="16.3755690"/>
      <trkpt lat="48.1993260" lon="16.3755560"/>
      <trkpt lat="48.1993110" lon="16.3755100"/>
      <trkpt lat="48.1992870" lon="16.3754700"/>
      <trkpt lat="48.1992790" lon="16.3754590"/>
      <trkpt lat="48.1990970" lon="16.3752920"/>
      <trkpt lat="48.1989560" lon="16.3752070"/>
      <trkpt lat="48.1988580" lon="16.3751570"/>
      <trkpt lat="48.1985690" lon="16.3750750"/>
      <trkpt lat="48.1985140" lon="16.3750550"/>
      <trkpt lat="48.1984770" lon="16.3750440"/>
      <trkpt lat="48.1984180" lon="16.3750280"/>
      <trkpt lat="48.1983570" lon="16.3750140"/>
      <trkpt lat="48.1982590" lon="16.3749920"/>
      <trkpt lat="48.1980020" lon="16.3749670"/>
      <trkpt lat="48.1978740" lon="16.3750070"/>
      <trkpt lat="48.1977730" lon="16.3750810"/>
      <trkpt lat="48.1977150" lon="16.3751240"/>
      <trkpt lat="48.1976160" lon="16.3752050"/>
      <trkpt lat="48.1976060" lon="16.3752110"/>
      <trkpt lat="48.1975350" lon="16.3752540"/>
      <trkpt lat="48.1970310" lon="16.3755570"/>
      <trkpt lat="48.1969570" lon="16.3756020"/>
      <trkpt lat="48.1947430" lon="16.3769690"/>
      <trkpt lat="48.1946530" lon="16.3770310"/>
      <trkpt lat="48.1946420" lon="16.3770380"/>
      <trkpt lat="48.1945400" lon="16.3771150"/>
      <trkpt lat="48.1944780" lon="16.3771670"/>
      <trkpt lat="48.1944510" lon="16.3771900"/>
      <trkpt lat="48.1929080" lon="16.3785010"/>
      <trkpt lat="48.1928500" lon="16.3785410"/>
      <trkpt lat="48.1920410" lon="16.3790880"/>
      <trkpt lat="48.1920130" lon="16.3791080"/>
      <trkpt lat="48.1920040" lon="16.3791130"/>
      <trkpt lat="48.1919260" lon="16.3791630"/>
      <trkpt lat="48.1918580" lon="16.3792060"/>
      <trkpt lat="48.1917970" lon="16.3792410"/>
      <trkpt lat="48.1916790" lon="16.3793090"/>
      <trkpt lat="48.1914420" lon="16.3794410"/>
      <trkpt lat="48.1912660" lon="16.3795400"/>
      <trkpt lat="48.1911950" lon="16.3795790"/>
      <trkpt lat="48.1910600" lon="16.3796560"/>
      <trkpt lat="48.1903920" lon="16.3800330"/>
      <trkpt lat="48.1896860" lon="16.3804340"/>
      <trkpt lat="48.1893300" lon="16.3806340"/>
      <trkpt lat="48.1891540" lon="16.3807320"/>
      <trkpt lat="48.1890640" lon="16.3807850"/>
      <trkpt lat="48.1889860" lon="16.3808330"/>
      <trkpt lat="48.1888990" lon="16.3809010"/>
      <trkpt lat="48.1887660" lon="16.3809870"/>
      <trkpt lat="48.1885120" lon="16.3811300"/>
      <trkpt lat="48.1884960" lon="16.3811390"/>
      <trkpt lat="48.1884690" lon="16.3811360"/>
      <trkpt lat="48.1884610" lon="16.3811360"/>
      <trkpt lat="48.1884130" lon="16.3811320"/>
      <trkpt lat="48.1884020" lon="16.3811310"/>
      <trkpt lat="48.1883490" lon="16.3811260"/>
      <trkpt lat="48.1883180" lon="16.3810150"/>
      <trkpt lat="48.1883000" lon="16.3809510"/>
      <trkpt lat="48.1882560" lon="16.3807720"/>
      <trkpt lat="48.1881050" lon="16.3802150"/>
      <trkpt lat="48.1879100" lon="16.3794090"/>
      <trkpt lat="48.1878980" lon="16.3793440"/>
      <trkpt lat="48.1878620" lon="16.3791870"/>
      <trkpt lat="48.1878170" lon="16.3790270"/>
      <trkpt lat="48.1877560" lon="16.3788100"/>
      <trkpt lat="48.1873600" lon="16.3775160"/>
      <trkpt lat="48.1873440" lon="16.3774690"/>
      <trkpt lat="48.1873220" lon="16.3773930"/>
      <trkpt lat="48.1872870" lon="16.3772800"/>
      <trkpt lat="48.1872630" lon="16.3772030"/>
      <trkpt lat="48.1872410" lon="16.3771330"/>
      <trkpt lat="48.1870860" lon="16.3766350"/>
      <trkpt lat="48.1867180" lon="16.3755660"/>
      <trkpt lat="48.1862910" lon="16.3742180"/>
      <trkpt lat="48.1859740" lon="16.3732160"/>
      <trkpt lat="48.1854510" lon="16.3715640"/>
      <trkpt lat="48.1853630" lon="16.3712960"/>
      <trkpt lat="48.1850490" lon="16.3704050"/>
      <trkpt lat="48.1846830" lon="16.3693700"/>
      <trkpt lat="48.1845380" lon="16.3689540"/>
      <trkpt lat="48.1842920" lon="16.3682460"/>
      <trkpt lat="48.1833040" lon="16.3654230"/>
      <trkpt lat="48.1832220" lon="16.3651940"/>
      <trkpt lat="48.1829810" lon="16.3645170"/>
      <trkpt lat="48.1829660" lon="16.3644800"/>
      <trkpt lat="48.1829270" lon="16.3643810"/>
      <trkpt lat="48.1828670" lon="16.3642330"/>
      <trkpt lat="48.1819190" lon="16.3616870"/>
      <trkpt lat="48.1817860" lon="16.3613300"/>
      <trkpt lat="48.1817590" lon="16.3610140"/>
      <trkpt lat="48.1814100" lon="16.3600060"/>
      <trkpt lat="48.1811470" lon="16.3592790"/>
      <trkpt lat="48.1811310" lon="16.3592370"/>
      <trkpt lat="48.1811150" lon="16.3592060"/>
      <trkpt lat="48.1810940" lon="16.3591770"/>
      <trkpt lat="48.1810720" lon="16.3591480"/>
      <trkpt lat="48.1810680" lon="16.3591440"/>
      <trkpt lat="48.1810320" lon="16.3591000"/>
      <trkpt lat="48.1810070" lon="16.3590790"/>
      <trkpt lat="48.1809550" lon="16.3590410"/>
      <trkpt lat="48.1808390" lon="16.3589060"/>
      <trkpt lat="48.1805630" lon="16.3589080"/>
      <trkpt lat="48.1804910" lon="16.3589300"/>
      <trkpt lat="48.1801520" lon="16.3591850"/>
      <trkpt lat="48.1800790" lon="16.3592090"/>
      <trkpt lat="48.1800380" lon="16.3592180"/>
      <trkpt lat="48.1799980" lon="16.3592250"/>
      <trkpt lat="48.1799290" lon="16.3592290"/>
      <trkpt lat="48.1798800" lon="16.3592270"/>
      <trkpt lat="48.1798270" lon="16.3592220"/>
      <trkpt lat="48.1797780" lon="16.3592110"/>
      <trkpt lat="48.1797320" lon="16.3591930"/>
      <trkpt lat="48.1796840" lon="16.3591650"/>
      <trkpt lat="48.1796450" lon="16.3591360"/>
      <trkpt lat="48.1796040" lon="16.3590990"/>
      <trkpt lat="48.1795170" lon="16.3590120"/>
      <trkpt lat="48.1793810" lon="16.3588660"/>
      <trkpt lat="48.1791470" lon="16.3585970"/>
      <trkpt lat="48.1790700" lon="16.3585050"/>
      <trkpt lat="48.1789660" lon="16.3584020"/>
      <trkpt lat="48.1787730" lon="16.3582050"/>
      <trkpt lat="48.1785160" lon="16.3579590"/>
      <trkpt lat="48.1783870" lon="16.3578440"/>
      <trkpt lat="48.1782980" lon="16.3577560"/>
      <trkpt lat="48.1779590" lon="16.3574130"/>
      <trkpt lat="48.1779340" lon="16.3573880"/>
      <trkpt lat="48.1777900" lon="16.3572420"/>
      <trkpt lat="48.1776600" lon="16.3571250"/>
      <trkpt lat="48.1775930" lon="16.3570570"/>
      <trkpt lat="48.1775190" lon="16.3569870"/>
      <trkpt lat="48.1771600" lon="16.3566450"/>
      <trkpt lat="48.1771270" lon="16.3566140"/>
      <trkpt lat="48.1766200" lon="16.3561300"/>
      <trkpt lat="48.1765850" lon="16.3560970"/>
      <trkpt lat="48.1759930" lon="16.3555340"/>
      <trkpt lat="48.1759830" lon="16.3555240"/>
      <trkpt lat="48.1759510" lon="16.3554920"/>
      <trkpt lat="48.1758540" lon="16.3553940"/>
      <trkpt lat="48.1757520" lon="16.3552950"/>
      <trkpt lat="48.1752760" lon="16.3548220"/>
      <trkpt lat="48.1750870" lon="16.3546530"/>
      <trkpt lat="48.1739210" lon="16.3535500"/>
      <trkpt lat="48.1736650" lon="16.3533080"/>
      <trkpt lat="48.1719020" lon="16.3516130"/>
      <trkpt lat="48.1715700" lon="16.3512880"/>
      <trkpt lat="48.1712530" lon="16.3509940"/>
      <trkpt lat="48.1708700" lon="16.3507000"/>
      <trkpt lat="48.1708290" lon="16.3506650"/>
      <trkpt lat="48.1708010" lon="16.3506440"/>
      <trkpt lat="48.1706370" lon="16.3505290"/>
      <trkpt lat="48.1703300" lon="16.3503150"/>
      <trkpt lat="48.1698740" lon="16.3500300"/>
      <trkpt lat="48.1698360" lon="16.3500070"/>
      <trkpt lat="48.1697630" lon="16.3499600"/>
      <trkpt lat="48.1696870" lon="16.3499130"/>
      <trkpt lat="48.1691050" lon="16.3495490"/>
      <trkpt lat="48.1689020" lon="16.3494160"/>
      <trkpt lat="48.1687930" lon="16.3493470"/>
      <trkpt lat="48.1687230" lon="16.3493020"/>
      <trkpt lat="48.1686150" lon="16.3492220"/>
      <trkpt lat="48.1684200" lon="16.3491010"/>
      <trkpt lat="48.1682670" lon="16.3490000"/>
      <trkpt lat="48.1672830" lon="16.3483840"/>
      <trkpt lat="48.1672500" lon="16.3483640"/>
      <trkpt lat="48.1672380" lon="16.3483560"/>
      <trkpt lat="48.1665650" lon="16.3479350"/>
      <trkpt lat="48.1664140" lon="16.3478360"/>
      <trkpt lat="48.1662960" lon="16.3477590"/>
      <trkpt lat="48.1659860" lon="16.3475740"/>
      <trkpt lat="48.1659520" lon="16.3475540"/>
      <trkpt lat="48.1658420" lon="16.3474770"/>
      <trkpt lat="48.1657400" lon="16.3474130"/>
      <trkpt lat="48.1652990" lon="16.3471360"/>
      <trkpt lat="48.1651020" lon="16.3470120"/>
      <trkpt lat="48.1621290" lon="16.3451370"/>
      <trkpt lat="48.1614310" lon="16.3446770"/>
      <trkpt lat="48.1607700" lon="16.3442210"/>
      <trkpt lat="48.1600180" lon="16.3436750"/>
      <trkpt lat="48.1595620" lon="16.3433390"/>
      <trkpt lat="48.1587770" lon="16.3427650"/>
      <trkpt lat="48.1578530" lon="16.3420650"/>
      <trkpt lat="48.1577440" lon="16.3419810"/>
      <trkpt lat="48.1576300" lon="16.3419060"/>
      <trkpt lat="48.1575490" lon="16.3418580"/>
      <trkpt lat="48.1574310" lon="16.3417720"/>
      <trkpt lat="48.1571850" lon="16.3415910"/>
      <trkpt lat="48.1565320" lon="16.3411130"/>
      <trkpt lat="48.1564330" lon="16.3410380"/>
      <trkpt lat="48.1563600" lon="16.3409820"/>
      <trkpt lat="48.1561180" lon="16.3408050"/>
      <trkpt lat="48.1553610" lon="16.3402420"/>
      <trkpt lat="48.1543990" lon="16.3395410"/>
      <trkpt lat="48.1538650" lon="16.3391680"/>
      <trkpt lat="48.1532210" lon="16.3387890"/>
      <trkpt lat="48.1529510" lon="16.3386070"/>
      <trkpt lat="48.1528550" lon="16.3385310"/>
      <trkpt lat="48.1525520" lon="16.3382700"/>
      <trkpt lat="48.1524690" lon="16.3381910"/>
      <trkpt lat="48.1520490" lon="16.3377830"/>
      <trkpt lat="48.1519260" lon="16.3377090"/>
      <trkpt lat="48.1518920" lon="16.3376880"/>
      <trkpt lat="48.1516870" lon="16.3375000"/>
      <trkpt lat="48.1513380" lon="16.3371840"/>
      <trkpt lat="48.1510930" lon="16.3369940"/>
      <trkpt lat="48.1507680" lon="16.3368180"/>
      <trkpt lat="48.1506790" lon="16.3367750"/>
      <trkpt lat="48.1505580" lon="16.3367370"/>
      <trkpt lat="48.1503400" lon="16.3366850"/>
      <trkpt lat="48.1502210" lon="16.3366760"/>
      <trkpt lat="48.1500460" lon="16.3366690"/>
      <trkpt lat="48.1497650" lon="16.3366820"/>
      <trkpt lat="48.1494710" lon="16.3367060"/>
      <trkpt lat="48.1493120" lon="16.3367150"/>
      <trkpt lat="48.1491410" lon="16.3367150"/>
      <trkpt lat="48.1489980" lon="16.3367010"/>
      <trkpt lat="48.1488510" lon="16.3366830"/>
      <trkpt lat="48.1487130" lon="16.3366560"/>
      <trkpt lat="48.1485420" lon="16.3366110"/>
      <trkpt lat="48.1483850" lon="16.3366390"/>
      <trkpt lat="48.1479300" lon="16.3364440"/>
      <trkpt lat="48.1476520" lon="16.3363240"/>
      <trkpt lat="48.1473100" lon="16.3361760"/>
      <trkpt lat="48.1469330" lon="16.3360140"/>
      <trkpt lat="48.1465680" lon="16.3358540"/>
      <trkpt lat="48.1462100" lon="16.3357010"/>
      <trkpt lat="48.1461400" lon="16.3356690"/>
      <trkpt lat="48.1459920" lon="16.3356060"/>
      <trkpt lat="48.1455650" lon="16.3354210"/>
      <trkpt lat="48.1437240" lon="16.3346260"/>
      <trkpt lat="48.1425350" lon="16.3340750"/>
      <trkpt lat="48.1417010" lon="16.3337170"/>
      <trkpt lat="48.1415770" lon="16.3336820"/>
      <trkpt lat="48.1414270" lon="16.3336550"/>
      <trkpt lat="48.1391930" lon="16.3326850"/>
      <trkpt lat="48.1284870" lon="16.3280610"/>
      <trkpt lat="48.1283690" lon="16.3280100"/>
      <trkpt lat="48.1277220" lon="16.3277300"/>
      <trkpt lat="48.1268200" lon="16.3273410"/>
      <trkpt lat="48.1264350" lon="16.3271750"/>
      <trkpt lat="48.1256360" lon="16.3268280"/>
      <trkpt lat="48.1252880" lon="16.3266790"/>
      <trkpt lat="48.1248440" lon="16.3264890"/>
      <trkpt lat="48.1245390" lon="16.3263550"/>
      <trkpt lat="48.1243530" lon="16.3262740"/>
      <trkpt lat="48.1228410" lon="16.3256300"/>
      <trkpt lat="48.1215520" lon="16.3250790"/>
      <trkpt lat="48.1198840" lon="16.3243650"/>
      <trkpt lat="48.1188280" lon="16.3239080"/>
      <trkpt lat="48.1186500" lon="16.3238300"/>
      <trkpt lat="48.1159880" lon="16.3226870"/>
      <trkpt lat="48.1154530" lon="16.3224520"/>
      <trkpt lat="48.1152270" lon="16.3223560"/>
      <trkpt lat="48.1143200" lon="16.3219660"/>
      <trkpt lat="48.1133910" lon="16.3215830"/>
      <trkpt lat="48.1126980" lon="16.3213170"/>
      <trkpt lat="48.1123130" lon="16.3211740"/>
      <trkpt lat="48.1116150" lon="16.3209400"/>
      <trkpt lat="48.1109060" lon="16.3207230"/>
      <trkpt lat="48.1101970" lon="16.3205430"/>
      <trkpt lat="48.1094630" lon="16.3203880"/>
      <trkpt lat="48.1086530" lon="16.3202500"/>
      <trkpt lat="48.1077440" lon="16.3201500"/>
      <trkpt lat="48.1068370" lon="16.3200980"/>
      <trkpt lat="48.1060000" lon="16.3200940"/>
      <trkpt lat="48.1052590" lon="16.3201240"/>
      <trkpt lat="48.1043600" lon="16.3202010"/>
      <trkpt lat="48.1036760" lon="16.3203000"/>
      <trkpt lat="48.1028150" lon="16.3204590"/>
      <trkpt lat="48.1020480" lon="16.3206390"/>
      <trkpt lat="48.1011140" lon="16.3209160"/>
      <trkpt lat="48.1000500" lon="16.3212890"/>
      <trkpt lat="48.0993090" lon="16.3216040"/>
      <trkpt lat="48.0989420" lon="16.3217640"/>
      <trkpt lat="48.0981920" lon="16.3221220"/>
      <trkpt lat="48.0967030" lon="16.3229860"/>
      <trkpt lat="48.0955440" lon="16.3237430"/>
      <trkpt lat="48.0947740" lon="16.3243070"/>
      <trkpt lat="48.0944070" lon="16.3245480"/>
      <trkpt lat="48.0929480" lon="16.3256570"/>
      <trkpt lat="48.0923820" lon="16.3261290"/>
      <trkpt lat="48.0880590" lon="16.3294570"/>
      <trkpt lat="48.0870500" lon="16.3302380"/>
      <trkpt lat="48.0865120" lon="16.3306480"/>
      <trkpt lat="48.0859910" lon="16.3310420"/>
      <trkpt lat="48.0847650" lon="16.3319890"/>
      <trkpt lat="48.0832020" lon="16.3331300"/>
      <trkpt lat="48.0829590" lon="16.3333050"/>
      <trkpt lat="48.0826340" lon="16.3335220"/>
      <trkpt lat="48.0816150" lon="16.3341940"/>
      <trkpt lat="48.0803260" lon="16.3349370"/>
      <trkpt lat="48.0791480" lon="16.3355660"/>
      <trkpt lat="48.0783920" lon="16.3359250"/>
      <trkpt lat="48.0775980" lon="16.3362850"/>
      <trkpt lat="48.0767920" lon="16.3366110"/>
      <trkpt lat="48.0755940" lon="16.3370470"/>
      <trkpt lat="48.0747590" lon="16.3373130"/>
      <trkpt lat="48.0739390" lon="16.3375370"/>
      <trkpt lat="48.0732240" lon="16.3377170"/>
      <trkpt lat="48.0718390" lon="16.3380090"/>
      <trkpt lat="48.0714150" lon="16.3380980"/>
      <trkpt lat="48.0700670" lon="16.3383270"/>
      <trkpt lat="48.0644840" lon="16.3392770"/>
      <trkpt lat="48.0635610" lon="16.3394340"/>
      <trkpt lat="48.0624840" lon="16.3396130"/>
      <trkpt lat="48.0619110" lon="16.3397120"/>
      <trkpt lat="48.0608710" lon="16.3398910"/>
      <trkpt lat="48.0602080" lon="16.3400030"/>
      <trkpt lat="48.0598150" lon="16.3400700"/>
      <trkpt lat="48.0593810" lon="16.3401440"/>
      <trkpt lat="48.0592670" lon="16.3401660"/>
      <trkpt lat="48.0576450" lon="16.3404450"/>
      <trkpt lat="48.0570360" lon="16.3405430"/>
      <trkpt lat="48.0553470" lon="16.3408220"/>
      <trkpt lat="48.0538640" lon="16.3410690"/>
      <trkpt lat="48.0521620" lon="16.3413530"/>
      <trkpt lat="48.0499090" lon="16.3416350"/>
      <trkpt lat="48.0480820" lon="16.3417840"/>
      <trkpt lat="48.0465880" lon="16.3418230"/>
      <trkpt lat="48.0457640" lon="16.3418170"/>
      <trkpt lat="48.0452900" lon="16.3418140"/>
      <trkpt lat="48.0440130" lon="16.3417320"/>
      <trkpt lat="48.0435920" lon="16.3416850"/>
      <trkpt lat="48.0426060" lon="16.3415540"/>
      <trkpt lat="48.0420740" lon="16.3414890"/>
      <trkpt lat="48.0415000" lon="16.3414120"/>
      <trkpt lat="48.0410960" lon="16.3413430"/>
      <trkpt lat="48.0402890" lon="16.3411870"/>
      <trkpt lat="48.0397970" lon="16.3410780"/>
      <trkpt lat="48.0385790" lon="16.3407700"/>
      <trkpt lat="48.0381680" lon="16.3406300"/>
      <trkpt lat="48.0373960" lon="16.3404250"/>
      <trkpt lat="48.0363320" lon="16.3400900"/>
      <trkpt lat="48.0352630" lon="16.3396730"/>
      <trkpt lat="48.0339240" lon="16.3390990"/>
      <trkpt lat="48.0325730" lon="16.3384770"/>
      <trkpt lat="48.0314260" lon="16.3378840"/>
      <trkpt lat="48.0301890" lon="16.3371820"/>
      <trkpt lat="48.0286810" lon="16.3362370"/>
      <trkpt lat="48.0272440" lon="16.3352440"/>
      <trkpt lat="48.0270560" lon="16.3350960"/>
      <trkpt lat="48.0260780" lon="16.3343710"/>
      <trkpt lat="48.0252290" lon="16.3336920"/>
      <trkpt lat="48.0249160" lon="16.3334370"/>
      <trkpt lat="48.0242760" lon="16.3328890"/>
      <trkpt lat="48.0229980" lon="16.3317210"/>
      <trkpt lat="48.0218980" lon="16.3306320"/>
      <trkpt lat="48.0211310" lon="16.3298740"/>
      <trkpt lat="48.0198170" lon="16.3284430"/>
      <trkpt lat="48.0185670" lon="16.3269690"/>
      <trkpt lat="48.0172630" lon="16.3253120"/>
      <trkpt lat="48.0160930" lon="16.3237130"/>
      <trkpt lat="48.0148950" lon="16.3219760"/>
      <trkpt lat="48.0128490" lon="16.3188700"/>
      <trkpt lat="48.0072250" lon="16.3101620"/>
      <trkpt lat="48.0064900" lon="16.3090240"/>
      <trkpt lat="48.0060740" lon="16.3083890"/>
      <trkpt lat="48.0058910" lon="16.3081060"/>
      <trkpt lat="48.0053990" lon="16.3073500"/>
      <trkpt lat="48.0052270" lon="16.3068330"/>
      <trkpt lat="48.0051400" lon="16.3065500"/>
      <trkpt lat="48.0050750" lon="16.3062700"/>
      <trkpt lat="48.0050330" lon="16.3059790"/>
      <trkpt lat="48.0050240" lon="16.3056440"/>
      <trkpt lat="48.0050370" lon="16.3053460"/>
      <trkpt lat="48.0050980" lon="16.3050220"/>
      <trkpt lat="48.0052210" lon="16.3046610"/>
      <trkpt lat="48.0054360" lon="16.3040700"/>
      <trkpt lat="48.0058120" lon="16.3031090"/>
      <trkpt lat="48.0059750" lon="16.3026940"/>
      <trkpt lat="48.0062450" lon="16.3019760"/>
      <trkpt lat="48.0062840" lon="16.3017600"/>
      <trkpt lat="48.0062850" lon="16.3015950"/>
      <trkpt lat="48.0064250" lon="16.3015670"/>
      <trkpt lat="48.0068200" lon="16.3014770"/>
      <trkpt lat="48.0071550" lon="16.3013700"/>
      <trkpt lat="48.0074930" lon="16.3012270"/>
      <trkpt lat="48.0081210" lon="16.3009000"/>
      <trkpt lat="48.0084860" lon="16.3006740"/>
      <trkpt lat="48.0087010" lon="16.3005110"/>
      <trkpt lat="48.0090380" lon="16.3002550"/>
      <trkpt lat="48.0093800" lon="16.2999540"/>
      <trkpt lat="48.0102780" lon="16.2990090"/>
      <trkpt lat="48.0102960" lon="16.2991150"/>
      <trkpt lat="48.0103250" lon="16.2993500"/>
      <trkpt lat="48.0103410" lon="16.3000800"/>
      <trkpt lat="48.0103910" lon="16.3015240"/>
      <trkpt lat="48.0103980" lon="16.3017080"/>
      <trkpt lat="48.0104010" lon="16.3018490"/>
      <trkpt lat="48.0104080" lon="16.3022170"/>
      <trkpt lat="48.0103870" lon="16.3025280"/>
      <trkpt lat="48.0103500" lon="16.3028230"/>
      <trkpt lat="48.0102790" lon="16.3031310"/>
      <trkpt lat="48.0101730" lon="16.3034580"/>
      <trkpt lat="48.0099470" lon="16.3039440"/>
      <trkpt lat="48.0089860" lon="16.3059720"/>
      <trkpt lat="48.0072360" lon="16.3096420"/>
      <trkpt lat="48.0068610" lon="16.3104460"/>
      <trkpt lat="48.0053400" lon="16.3136300"/>
      <trkpt lat="48.0036510" lon="16.3171900"/>
      <trkpt lat="48.0024360" lon="16.3197250"/>
      <trkpt lat="48.0015350" lon="16.3213920"/>
      <trkpt lat="48.0011390" lon="16.3221680"/>
      <trkpt lat="48.0008790" lon="16.3227260"/>
      <trkpt lat="48.0006380" lon="16.3232950"/>
      <trkpt lat="48.0002180" lon="16.3243320"/>
      <trkpt lat="47.9998810" lon="16.3251390"/>
      <trkpt lat="47.9995520" lon="16.3258530"/>
      <trkpt lat="47.9992490" lon="16.3264530"/>
      <trkpt lat="47.9992220" lon="16.3265040"/>
      <trkpt lat="47.9989570" lon="16.3269880"/>
      <trkpt lat="47.9986880" lon="16.3274620"/>
      <trkpt lat="47.9983130" lon="16.3281560"/>
      <trkpt lat="47.9979480" lon="16.3289390"/>
      <trkpt lat="47.9976380" lon="16.3296150"/>
      <trkpt lat="47.9972890" lon="16.3304150"/>
      <trkpt lat="47.9969510" lon="16.3312180"/>
      <trkpt lat="47.9965060" lon="16.3326430"/>
      <trkpt lat="47.9963300" lon="16.3331860"/>
      <trkpt lat="47.9961940" lon="16.3334890"/>
      <trkpt lat="47.9960770" lon="16.3337200"/>
      <trkpt lat="47.9956860" lon="16.3343580"/>
      <trkpt lat="47.9956000" lon="16.3344970"/>
      <trkpt lat="47.9952810" lon="16.3350100"/>
      <trkpt lat="47.9949200" lon="16.3355900"/>
      <trkpt lat="47.9948990" lon="16.3356240"/>
      <trkpt lat="47.9947200" lon="16.3359570"/>
      <trkpt lat="47.9946280" lon="16.3362320"/>
      <trkpt lat="47.9945260" lon="16.3365430"/>
      <trkpt lat="47.9944540" lon="16.3367600"/>
      <trkpt lat="47.9944130" lon="16.3368880"/>
      <trkpt lat="47.9942370" lon="16.3375110"/>
      <trkpt lat="47.9941260" lon="16.3378890"/>
      <trkpt lat="47.9938110" lon="16.3384150"/>
      <trkpt lat="47.9936410" lon="16.3386610"/>
      <trkpt lat="47.9936270" lon="16.3387060"/>
      <trkpt lat="47.9936120" lon="16.3388070"/>
      <trkpt lat="47.9936450" lon="16.3389300"/>
      <trkpt lat="47.9939160" lon="16.3393900"/>
      <trkpt lat="47.9939730" lon="16.3394830"/>
      <trkpt lat="47.9940440" lon="16.3396000"/>
      <trkpt lat="47.9942330" lon="16.3399140"/>
      <trkpt lat="47.9943240" lon="16.3401070"/>
      <trkpt lat="47.9943880" lon="16.3402630"/>
      <trkpt lat="47.9945190" lon="16.3406200"/>
      <trkpt lat="47.9945460" lon="16.3407610"/>
      <trkpt lat="47.9945470" lon="16.3408700"/>
      <trkpt lat="47.9945350" lon="16.3409140"/>
      <trkpt lat="47.9945070" lon="16.3409600"/>
      <trkpt lat="47.9944410" lon="16.3410310"/>
      <trkpt lat="47.9943220" lon="16.3411390"/>
      <trkpt lat="47.9941570" lon="16.3413200"/>
      <trkpt lat="47.9938120" lon="16.3417200"/>
      <trkpt lat="47.9936820" lon="16.3418710"/>
      <trkpt lat="47.9934200" lon="16.3422140"/>
      <trkpt lat="47.9933460" lon="16.3423270"/>
      <trkpt lat="47.9932460" lon="16.3424800"/>
      <trkpt lat="47.9931110" lon="16.3429110"/>
      <trkpt lat="47.9930640" lon="16.3430410"/>
      <trkpt lat="47.9930440" lon="16.3430990"/>
      <trkpt lat="47.9929760" lon="16.3432880"/>
      <trkpt lat="47.9927870" lon="16.3438240"/>
      <trkpt lat="47.9925790" lon="16.3444020"/>
      <trkpt lat="47.9924910" lon="16.3446440"/>
      <trkpt lat="47.9924070" lon="16.3448770"/>
      <trkpt lat="47.9923860" lon="16.3450140"/>
      <trkpt lat="47.9920750" lon="16.3448210"/>
      <trkpt lat="47.9920750" lon="16.3448210"/>
      <trkpt lat="47.9923860" lon="16.3450140"/>
      <trkpt lat="47.9924070" lon="16.3448770"/>
      <trkpt lat="47.9924910" lon="16.3446440"/>
      <trkpt lat="47.9925790" lon="16.3444020"/>
      <trkpt lat="47.9927870" lon="16.3438240"/>
      <trkpt lat="47.9929760" lon="16.3432880"/>
      <trkpt lat="47.9930440" lon="16.3430990"/>
      <trkpt lat="47.9930640" lon="16.3430410"/>
      <trkpt lat="47.9931110" lon="16.3429110"/>
      <trkpt lat="47.9932460" lon="16.3424800"/>
      <trkpt lat="47.9933460" lon="16.3423270"/>
      <trkpt lat="47.9934200" lon="16.3422140"/>
      <trkpt lat="47.9936820" lon="16.3418710"/>
      <trkpt lat="47.9938120" lon="16.3417200"/>
      <trkpt lat="47.9941570" lon="16.3413200"/>
      <trkpt lat="47.9943220" lon="16.3411390"/>
      <trkpt lat="47.9944410" lon="16.3410310"/>
      <trkpt lat="47.9945070" lon="16.3409600"/>
      <trkpt lat="47.9945350" lon="16.3409140"/>
      <trkpt lat="47.9945470" lon="16.3408700"/>
      <trkpt lat="47.9945460" lon="16.3407610"/>
      <trkpt lat="47.9945190" lon="16.3406200"/>
      <trkpt lat="47.9943880" lon="16.3402630"/>
      <trkpt lat="47.9943240" lon="16.3401070"/>
      <trkpt lat="47.9942330" lon="16.3399140"/>
      <trkpt lat="47.9940440" lon="16.3396000"/>
      <trkpt lat="47.9939730" lon="16.3394830"/>
      <trkpt lat="47.9939160" lon="16.3393900"/>
      <trkpt lat="47.9936450" lon="16.3389300"/>
      <trkpt lat="47.9936120" lon="16.3388070"/>
      <trkpt lat="47.9936270" lon="16.3387060"/>
      <trkpt lat="47.9936410" lon="16.3386610"/>
      <trkpt lat="47.9938110" lon="16.3384150"/>
      <trkpt lat="47.9941260" lon="16.3378890"/>
      <trkpt lat="47.9942370" lon="16.3375110"/>
      <trkpt lat="47.9944130" lon="16.3368880"/>
      <trkpt lat="47.9944540" lon="16.3367600"/>
      <trkpt lat="47.9945260" lon="16.3365430"/>
      <trkpt lat="47.9946280" lon="16.3362320"/>
      <trkpt lat="47.9947200" lon="16.3359570"/>
      <trkpt lat="47.9948990" lon="16.3356240"/>
      <trkpt lat="47.9949200" lon="16.3355900"/>
      <trkpt lat="47.9952810" lon="16.3350100"/>
      <trkpt lat="47.9956000" lon="16.3344970"/>
      <trkpt lat="47.9956860" lon="16.3343580"/>
      <trkpt lat="47.9960770" lon="16.3337200"/>
      <trkpt lat="47.9961940" lon="16.3334890"/>
      <trkpt lat="47.9963300" lon="16.3331860"/>
      <trkpt lat="47.9965060" lon="16.3326430"/>
      <trkpt lat="47.9969510" lon="16.3312180"/>
      <trkpt lat="47.9972890" lon="16.3304150"/>
      <trkpt lat="47.9976380" lon="16.3296150"/>
      <trkpt lat="47.9979480" lon="16.3289390"/>
      <trkpt lat="47.9983130" lon="16.3281560"/>
      <trkpt lat="47.9986880" lon="16.3274620"/>
      <trkpt lat="47.9989570" lon="16.3269880"/>
      <trkpt lat="47.9992220" lon="16.3265040"/>
      <trkpt lat="47.9992490" lon="16.3264530"/>
      <trkpt lat="47.9995520" lon="16.3258530"/>
      <trkpt lat="47.9998810" lon="16.3251390"/>
      <trkpt lat="48.0002180" lon="16.3243320"/>
      <trkpt lat="48.0006380" lon="16.3232950"/>
      <trkpt lat="48.0008790" lon="16.3227260"/>
      <trkpt lat="48.0011390" lon="16.3221680"/>
      <trkpt lat="48.0015350" lon="16.3213920"/>
      <trkpt lat="48.0024360" lon="16.3197250"/>
      <trkpt lat="48.0036510" lon="16.3171900"/>
      <trkpt lat="48.0053400" lon="16.3136300"/>
      <trkpt lat="48.0068610" lon="16.3104460"/>
      <trkpt lat="48.0072360" lon="16.3096420"/>
      <trkpt lat="48.0089860" lon="16.3059720"/>
      <trkpt lat="48.0099470" lon="16.3039440"/>
      <trkpt lat="48.0101730" lon="16.3034580"/>
      <trkpt lat="48.0102790" lon="16.3031310"/>
      <trkpt lat="48.0103500" lon="16.3028230"/>
      <trkpt lat="48.0103870" lon="16.3025280"/>
      <trkpt lat="48.0104080" lon="16.3022170"/>
      <trkpt lat="48.0104010" lon="16.3018490"/>
      <trkpt lat="48.0103980" lon="16.3017080"/>
      <trkpt lat="48.0103910" lon="16.3015240"/>
      <trkpt lat="48.0103410" lon="16.3000800"/>
      <trkpt lat="48.0103250" lon="16.2993500"/>
      <trkpt lat="48.0102960" lon="16.2991150"/>
      <trkpt lat="48.0102780" lon="16.2990090"/>
      <trkpt lat="48.0093800" lon="16.2999540"/>
      <trkpt lat="48.0090380" lon="16.3002550"/>
      <trkpt lat="48.0087010" lon="16.3005110"/>
      <trkpt lat="48.0084860" lon="16.3006740"/>
      <trkpt lat="48.0081210" lon="16.3009000"/>
      <trkpt lat="48.0074930" lon="16.3012270"/>
      <trkpt lat="48.0071550" lon="16.3013700"/>
      <trkpt lat="48.0068200" lon="16.3014770"/>
      <trkpt lat="48.0064250" lon="16.3015670"/>
      <trkpt lat="48.0062850" lon="16.3015950"/>
      <trkpt lat="48.0061860" lon="16.3016080"/>
      <trkpt lat="48.0054950" lon="16.3017180"/>
      <trkpt lat="48.0053170" lon="16.3017230"/>
      <trkpt lat="48.0049670" lon="16.3017100"/>
      <trkpt lat="48.0047790" lon="16.3017030"/>
      <trkpt lat="48.0044640" lon="16.3016960"/>
      <trkpt lat="48.0039400" lon="16.3016650"/>
      <trkpt lat="48.0036250" lon="16.3016370"/>
      <trkpt lat="48.0033800" lon="16.3016160"/>
      <trkpt lat="48.0025850" lon="16.3015170"/>
      <trkpt lat="48.0018750" lon="16.3013870"/>
      <trkpt lat="48.0013840" lon="16.3012720"/>
      <trkpt lat="48.0009040" lon="16.3011810"/>
      <trkpt lat="48.0004530" lon="16.3010560"/>
      <trkpt lat="47.9994530" lon="16.3007100"/>
      <trkpt lat="47.9992390" lon="16.3004860"/>
      <trkpt lat="47.9991530" lon="16.3003620"/>
      <trkpt lat="47.9990710" lon="16.3001810"/>
      <trkpt lat="47.9990290" lon="16.2999410"/>
      <trkpt lat="47.9990500" lon="16.2996870"/>
      <trkpt lat="47.9991270" lon="16.2994550"/>
      <trkpt lat="47.9992510" lon="16.2992900"/>
      <trkpt lat="47.9994020" lon="16.2992100"/>
      <trkpt lat="47.9995610" lon="16.2991820"/>
      <trkpt lat="47.9997170" lon="16.2992380"/>
      <trkpt lat="47.9998740" lon="16.2993400"/>
      <trkpt lat="48.0002090" lon="16.2996400"/>
      <trkpt lat="48.0013600" lon="16.3014190"/>
      <trkpt lat="48.0029630" lon="16.3039110"/>
      <trkpt lat="48.0042630" lon="16.3059130"/>
      <trkpt lat="48.0046320" lon="16.3064810"/>
      <trkpt lat="48.0056290" lon="16.3080220"/>
      <trkpt lat="48.0127310" lon="16.3190500"/>
      <trkpt lat="48.0147850" lon="16.3221460"/>
      <trkpt lat="48.0160120" lon="16.3239250"/>
      <trkpt lat="48.0171500" lon="16.3254750"/>
      <trkpt lat="48.0184840" lon="16.3271730"/>
      <trkpt lat="48.0197440" lon="16.3286530"/>
      <trkpt lat="48.0210500" lon="16.3300800"/>
      <trkpt lat="48.0218040" lon="16.3308660"/>
      <trkpt lat="48.0229320" lon="16.3319620"/>
      <trkpt lat="48.0241950" lon="16.3330890"/>
      <trkpt lat="48.0253990" lon="16.3340960"/>
      <trkpt lat="48.0272120" lon="16.3354990"/>
      <trkpt lat="48.0280230" lon="16.3360570"/>
      <trkpt lat="48.0286250" lon="16.3364730"/>
      <trkpt lat="48.0301130" lon="16.3374070"/>
      <trkpt lat="48.0305850" lon="16.3376720"/>
      <trkpt lat="48.0313250" lon="16.3380850"/>
      <trkpt lat="48.0317790" lon="16.3383760"/>
      <trkpt lat="48.0335420" lon="16.3392380"/>
      <trkpt lat="48.0338800" lon="16.3393640"/>
      <trkpt lat="48.0346140" lon="16.3396750"/>
      <trkpt lat="48.0352270" lon="16.3399260"/>
      <trkpt lat="48.0360880" lon="16.3402520"/>
      <trkpt lat="48.0366690" lon="16.3404330"/>
      <trkpt lat="48.0373030" lon="16.3406350"/>
      <trkpt lat="48.0384300" lon="16.3409660"/>
      <trkpt lat="48.0390330" lon="16.3411270"/>
      <trkpt lat="48.0399310" lon="16.3413440"/>
      <trkpt lat="48.0403340" lon="16.3414310"/>
      <trkpt lat="48.0414090" lon="16.3416300"/>
      <trkpt lat="48.0416930" lon="16.3416900"/>
      <trkpt lat="48.0420060" lon="16.3417460"/>
      <trkpt lat="48.0425480" lon="16.3418180"/>
      <trkpt lat="48.0435880" lon="16.3419490"/>
      <trkpt lat="48.0440220" lon="16.3419710"/>
      <trkpt lat="48.0450840" lon="16.3420340"/>
      <trkpt lat="48.0452880" lon="16.3420460"/>
      <trkpt lat="48.0465910" lon="16.3420580"/>
      <trkpt lat="48.0480890" lon="16.3420130"/>
      <trkpt lat="48.0499280" lon="16.3418790"/>
      <trkpt lat="48.0521830" lon="16.3415810"/>
      <trkpt lat="48.0535440" lon="16.3413600"/>
      <trkpt lat="48.0553670" lon="16.3410640"/>
      <trkpt lat="48.0578910" lon="16.3406340"/>
      <trkpt lat="48.0588410" lon="16.3404720"/>
      <trkpt lat="48.0592100" lon="16.3404080"/>
      <trkpt lat="48.0598660" lon="16.3403050"/>
      <trkpt lat="48.0602470" lon="16.3402390"/>
      <trkpt lat="48.0606010" lon="16.3401750"/>
      <trkpt lat="48.0619110" lon="16.3399490"/>
      <trkpt lat="48.0638110" lon="16.3396330"/>
      <trkpt lat="48.0647350" lon="16.3394770"/>
      <trkpt lat="48.0711260" lon="16.3383780"/>
      <trkpt lat="48.0714390" lon="16.3383250"/>
      <trkpt lat="48.0730460" lon="16.3379980"/>
      <trkpt lat="48.0742930" lon="16.3376780"/>
      <trkpt lat="48.0747220" lon="16.3375680"/>
      <trkpt lat="48.0759010" lon="16.3371860"/>
      <trkpt lat="48.0765440" lon="16.3369530"/>
      <trkpt lat="48.0774890" lon="16.3365840"/>
      <trkpt lat="48.0780130" lon="16.3363440"/>
      <trkpt lat="48.0792830" lon="16.3357460"/>
      <trkpt lat="48.0799300" lon="16.3354100"/>
      <trkpt lat="48.0806360" lon="16.3350240"/>
      <trkpt lat="48.0809880" lon="16.3348180"/>
      <trkpt lat="48.0812500" lon="16.3346530"/>
      <trkpt lat="48.0826510" lon="16.3337700"/>
      <trkpt lat="48.0830400" lon="16.3335120"/>
      <trkpt lat="48.0838690" lon="16.3329210"/>
      <trkpt lat="48.0858680" lon="16.3314070"/>
      <trkpt lat="48.0864310" lon="16.3309740"/>
      <trkpt lat="48.0926030" lon="16.3262250"/>
      <trkpt lat="48.0938500" lon="16.3252660"/>
      <trkpt lat="48.0948870" lon="16.3244870"/>
      <trkpt lat="48.0956090" lon="16.3239590"/>
      <trkpt lat="48.0968880" lon="16.3231080"/>
      <trkpt lat="48.0971670" lon="16.3229500"/>
      <trkpt lat="48.0978070" lon="16.3225890"/>
      <trkpt lat="48.0983820" lon="16.3222850"/>
      <trkpt lat="48.0988970" lon="16.3220370"/>
      <trkpt lat="48.0992650" lon="16.3218600"/>
      <trkpt lat="48.0996650" lon="16.3216910"/>
      <trkpt lat="48.1000540" lon="16.3215310"/>
      <trkpt lat="48.1004020" lon="16.3214020"/>
      <trkpt lat="48.1011470" lon="16.3211380"/>
      <trkpt lat="48.1013840" lon="16.3210710"/>
      <trkpt lat="48.1020420" lon="16.3208860"/>
      <trkpt lat="48.1022190" lon="16.3208360"/>
      <trkpt lat="48.1033040" lon="16.3205990"/>
      <trkpt lat="48.1034240" lon="16.3205800"/>
      <trkpt lat="48.1043560" lon="16.3204350"/>
      <trkpt lat="48.1054840" lon="16.3203440"/>
      <trkpt lat="48.1063940" lon="16.3203090"/>
      <trkpt lat="48.1080310" lon="16.3204070"/>
      <trkpt lat="48.1084750" lon="16.3204550"/>
      <trkpt lat="48.1086700" lon="16.3204760"/>
      <trkpt lat="48.1092360" lon="16.3205750"/>
      <trkpt lat="48.1102240" lon="16.3207740"/>
      <trkpt lat="48.1113320" lon="16.3210730"/>
      <trkpt lat="48.1123650" lon="16.3214360"/>
      <trkpt lat="48.1129490" lon="16.3216590"/>
      <trkpt lat="48.1135170" lon="16.3218770"/>
      <trkpt lat="48.1142490" lon="16.3221840"/>
      <trkpt lat="48.1145570" lon="16.3223190"/>
      <trkpt lat="48.1149260" lon="16.3224730"/>
      <trkpt lat="48.1159310" lon="16.3229050"/>
      <trkpt lat="48.1165080" lon="16.3231560"/>
      <trkpt lat="48.1172100" lon="16.3234580"/>
      <trkpt lat="48.1178850" lon="16.3237510"/>
      <trkpt lat="48.1189190" lon="16.3241950"/>
      <trkpt lat="48.1197640" lon="16.3245610"/>
      <trkpt lat="48.1207500" lon="16.3249830"/>
      <trkpt lat="48.1224150" lon="16.3256900"/>
      <trkpt lat="48.1230670" lon="16.3259720"/>
      <trkpt lat="48.1237240" lon="16.3262550"/>
      <trkpt lat="48.1240890" lon="16.3264060"/>
      <trkpt lat="48.1243500" lon="16.3264980"/>
      <trkpt lat="48.1245380" lon="16.3265700"/>
      <trkpt lat="48.1247220" lon="16.3266420"/>
      <trkpt lat="48.1259340" lon="16.3271570"/>
      <trkpt lat="48.1266710" lon="16.3274760"/>
      <trkpt lat="48.1276310" lon="16.3278830"/>
      <trkpt lat="48.1278290" lon="16.3279740"/>
      <trkpt lat="48.1283330" lon="16.3281940"/>
      <trkpt lat="48.1284520" lon="16.3282440"/>
      <trkpt lat="48.1292500" lon="16.3285940"/>
      <trkpt lat="48.1297880" lon="16.3288240"/>
      <trkpt lat="48.1377640" lon="16.3322670"/>
      <trkpt lat="48.1382610" lon="16.3324840"/>
      <trkpt lat="48.1395790" lon="16.3330570"/>
      <trkpt lat="48.1401140" lon="16.3332890"/>
      <trkpt lat="48.1410680" lon="16.3337350"/>
      <trkpt lat="48.1417220" lon="16.3340550"/>
      <trkpt lat="48.1419820" lon="16.3341960"/>
      <trkpt lat="48.1422360" lon="16.3343500"/>
      <trkpt lat="48.1426190" lon="16.3346190"/>
      <trkpt lat="48.1429790" lon="16.3349200"/>
      <trkpt lat="48.1433020" lon="16.3352180"/>
      <trkpt lat="48.1435490" lon="16.3354730"/>
      <trkpt lat="48.1438220" lon="16.3357800"/>
      <trkpt lat="48.1440950" lon="16.3361170"/>
      <trkpt lat="48.1444060" lon="16.3365120"/>
      <trkpt lat="48.1448520" lon="16.3371050"/>
      <trkpt lat="48.1485520" lon="16.3420420"/>
      <trkpt lat="48.1487960" lon="16.3423500"/>
      <trkpt lat="48.1490460" lon="16.3426770"/>
      <trkpt lat="48.1492940" lon="16.3429990"/>
      <trkpt lat="48.1495320" lon="16.3433210"/>
      <trkpt lat="48.1498430" lon="16.3437630"/>
      <trkpt lat="48.1500940" lon="16.3441390"/>
      <trkpt lat="48.1503720" lon="16.3445600"/>
      <trkpt lat="48.1505640" lon="16.3448780"/>
      <trkpt lat="48.1508690" lon="16.3453810"/>
      <trkpt lat="48.1511270" lon="16.3458590"/>
      <trkpt lat="48.1513080" lon="16.3462190"/>
      <trkpt lat="48.1514360" lon="16.3464960"/>
      <trkpt lat="48.1515570" lon="16.3467700"/>
      <trkpt lat="48.1516750" lon="16.3470610"/>
      <trkpt lat="48.1517850" lon="16.3473480"/>
      <trkpt lat="48.1518430" lon="16.3475660"/>
      <trkpt lat="48.1518920" lon="16.3477130"/>
      <trkpt lat="48.1519850" lon="16.3480080"/>
      <trkpt lat="48.1520680" lon="16.3483000"/>
      <trkpt lat="48.1521280" lon="16.3485260"/>
      <trkpt lat="48.1521930" lon="16.3488060"/>
      <trkpt lat="48.1522560" lon="16.3491030"/>
      <trkpt lat="48.1523160" lon="16.3494310"/>
      <trkpt lat="48.1523650" lon="16.3497310"/>
      <trkpt lat="48.1523950" lon="16.3499420"/>
      <trkpt lat="48.1524330" lon="16.3502570"/>
      <trkpt lat="48.1524670" lon="16.3505910"/>
      <trkpt lat="48.1525060" lon="16.3510770"/>
      <trkpt lat="48.1525270" lon="16.3514120"/>
      <trkpt lat="48.1525530" lon="16.3518670"/>
      <trkpt lat="48.1525750" lon="16.3524740"/>
      <trkpt lat="48.1525870" lon="16.3530590"/>
      <trkpt lat="48.1525920" lon="16.3536540"/>
      <trkpt lat="48.1525900" lon="16.3542730"/>
      <trkpt lat="48.1525800" lon="16.3548440"/>
      <trkpt lat="48.1525600" lon="16.3555040"/>
      <trkpt lat="48.1525220" lon="16.3562810"/>
      <trkpt lat="48.1524810" lon="16.3569550"/>
      <trkpt lat="48.1524320" lon="16.3575890"/>
      <trkpt lat="48.1523770" lon="16.3581850"/>
      <trkpt lat="48.1522640" lon="16.3592780"/>
      <trkpt lat="48.1521960" lon="16.3598630"/>
      <trkpt lat="48.1521120" lon="16.3605180"/>
      <trkpt lat="48.1519870" lon="16.3613720"/>
      <trkpt lat="48.1518380" lon="16.3622880"/>
      <trkpt lat="48.1517210" lon="16.3629460"/>
      <trkpt lat="48.1515310" lon="16.3639850"/>
      <trkpt lat="48.1506440" lon="16.3687930"/>
      <trkpt lat="48.1505640" lon="16.3692700"/>
      <trkpt lat="48.1505090" lon="16.3696490"/>
      <trkpt lat="48.1504740" lon="16.3699460"/>
      <trkpt lat="48.1504480" lon="16.3702560"/>
      <trkpt lat="48.1504340" lon="16.3705090"/>
      <trkpt lat="48.1504280" lon="16.3707320"/>
      <trkpt lat="48.1504300" lon="16.3709630"/>
      <trkpt lat="48.1504390" lon="16.3712130"/>
      <trkpt lat="48.1504550" lon="16.3714020"/>
      <trkpt lat="48.1504850" lon="16.3716580"/>
      <trkpt lat="48.1505150" lon="16.3718480"/>
      <trkpt lat="48.1505600" lon="16.3720870"/>
      <trkpt lat="48.1506220" lon="16.3723440"/>
      <trkpt lat="48.1506920" lon="16.3725860"/>
      <trkpt lat="48.1507780" lon="16.3728390"/>
      <trkpt lat="48.1508730" lon="16.3730780"/>
      <trkpt lat="48.1509680" lon="16.3732820"/>
      <trkpt lat="48.1510710" lon="16.3734740"/>
      <trkpt lat="48.1512010" lon="16.3736880"/>
      <trkpt lat="48.1513460" lon="16.3738990"/>
      <trkpt lat="48.1514720" lon="16.3740570"/>
      <trkpt lat="48.1515800" lon="16.3741780"/>
      <trkpt lat="48.1517030" lon="16.3743020"/>
      <trkpt lat="48.1518300" lon="16.3744180"/>
      <trkpt lat="48.1519810" lon="16.3745360"/>
      <trkpt lat="48.1521430" lon="16.3746440"/>
      <trkpt lat="48.1522820" lon="16.3747220"/>
      <trkpt lat="48.1524150" lon="16.3747860"/>
      <trkpt lat="48.1525470" lon="16.3748370"/>
      <trkpt lat="48.1526740" lon="16.3748810"/>
      <trkpt lat="48.1528850" lon="16.3749360"/>
      <trkpt lat="48.1530690" lon="16.3749660"/>
      <trkpt lat="48.1532750" lon="16.3749860"/>
      <trkpt lat="48.1535200" lon="16.3749980"/>
      <trkpt lat="48.1537480" lon="16.3749970"/>
      <trkpt lat="48.1546350" lon="16.3749520"/>
      <trkpt lat="48.1548660" lon="16.3749480"/>
      <trkpt lat="48.1550880" lon="16.3749560"/>
      <trkpt lat="48.1553820" lon="16.3749840"/>
      <trkpt lat="48.1555830" lon="16.3750130"/>
      <trkpt lat="48.1558110" lon="16.3750620"/>
      <trkpt lat="48.1560340" lon="16.3751220"/>
      <trkpt lat="48.1563760" lon="16.3752460"/>
      <trkpt lat="48.1565930" lon="16.3753490"/>
      <trkpt lat="48.1568110" lon="16.3754680"/>
      <trkpt lat="48.1569990" lon="16.3755810"/>
      <trkpt lat="48.1571980" lon="16.3757110"/>
      <trkpt lat="48.1574710" lon="16.3759190"/>
      <trkpt lat="48.1577560" lon="16.3761710"/>
      <trkpt lat="48.1579460" lon="16.3763590"/>
      <trkpt lat="48.1581490" lon="16.3765770"/>
      <trkpt lat="48.1583630" lon="16.3768390"/>
      <trkpt lat="48.1585670" lon="16.3771090"/>
      <trkpt lat="48.1587660" lon="16.3774060"/>
      <trkpt lat="48.1589160" lon="16.3776540"/>
      <trkpt lat="48.1590790" lon="16.3779430"/>
      <trkpt lat="48.1592270" lon="16.3782340"/>
      <trkpt lat="48.1593550" lon="16.3785100"/>
      <trkpt lat="48.1594820" lon="16.3788070"/>
      <trkpt lat="48.1595990" lon="16.3791130"/>
      <trkpt lat="48.1596970" lon="16.3794010"/>
      <trkpt lat="48.1597860" lon="16.3796790"/>
      <trkpt lat="48.1598590" lon="16.3799430"/>
      <trkpt lat="48.1599310" lon="16.3802300"/>
      <trkpt lat="48.1600070" lon="16.3805710"/>
      <trkpt lat="48.1602190" lon="16.3816490"/>
      <trkpt lat="48.1602710" lon="16.3818840"/>
      <trkpt lat="48.1603370" lon="16.3821340"/>
      <trkpt lat="48.1604330" lon="16.3824610"/>
      <trkpt lat="48.1605390" lon="16.3827690"/>
      <trkpt lat="48.1606830" lon="16.3831260"/>
      <trkpt lat="48.1608440" lon="16.3834690"/>
      <trkpt lat="48.1610270" lon="16.3838140"/>
      <trkpt lat="48.1611990" lon="16.3840910"/>
      <trkpt lat="48.1614100" lon="16.3843920"/>
      <trkpt lat="48.1616180" lon="16.3846590"/>
      <trkpt lat="48.1617830" lon="16.3848510"/>
      <trkpt lat="48.1619360" lon="16.3849890"/>
      <trkpt lat="48.1621200" lon="16.3851390"/>
      <trkpt lat="48.1622910" lon="16.3852600"/>
      <trkpt lat="48.1624690" lon="16.3853700"/>
      <trkpt lat="48.1627020" lon="16.3854890"/>
      <trkpt lat="48.1629430" lon="16.3855840"/>
      <trkpt lat="48.1631670" lon="16.3856570"/>
      <trkpt lat="48.1639420" lon="16.3858760"/>
      <trkpt lat="48.1641490" lon="16.3859490"/>
      <trkpt lat="48.1643500" lon="16.3860280"/>
      <trkpt lat="48.1645240" lon="16.3861100"/>
      <trkpt lat="48.1647230" lon="16.3862260"/>
      <trkpt lat="48.1649340" lon="16.3863670"/>
      <trkpt lat="48.1651380" lon="16.3865230"/>
      <trkpt lat="48.1653370" lon="16.3867030"/>
      <trkpt lat="48.1654300" lon="16.3867970"/>
      <trkpt lat="48.1656590" lon="16.3870350"/>
      <trkpt lat="48.1658040" lon="16.3872030"/>
      <trkpt lat="48.1660840" lon="16.3875460"/>
      <trkpt lat="48.1663030" lon="16.3878270"/>
      <trkpt lat="48.1664640" lon="16.3880320"/>
      <trkpt lat="48.1680290" lon="16.3900360"/>
      <trkpt lat="48.1683980" lon="16.3905040"/>
      <trkpt lat="48.1689390" lon="16.3911980"/>
      <trkpt lat="48.1691930" lon="16.3915250"/>
      <trkpt lat="48.1693370" lon="16.3917180"/>
      <trkpt lat="48.1695220" lon="16.3919890"/>
      <trkpt lat="48.1696540" lon="16.3922020"/>
      <trkpt lat="48.1697560" lon="16.3923800"/>
      <trkpt lat="48.1698580" lon="16.3925810"/>
      <trkpt lat="48.1699360" lon="16.3927530"/>
      <trkpt lat="48.1700010" lon="16.3929140"/>
      <trkpt lat="48.1700610" lon="16.3930740"/>
      <trkpt lat="48.1701130" lon="16.3932330"/>
      <trkpt lat="48.1701880" lon="16.3934820"/>
      <trkpt lat="48.1702500" lon="16.3937250"/>
      <trkpt lat="48.1703140" lon="16.3940350"/>
      <trkpt lat="48.1703830" lon="16.3944090"/>
      <trkpt lat="48.1705340" lon="16.3953630"/>
      <trkpt lat="48.1706100" lon="16.3958200"/>
      <trkpt lat="48.1706780" lon="16.3961830"/>
      <trkpt lat="48.1707430" lon="16.3964830"/>
      <trkpt lat="48.1708120" lon="16.3967520"/>
      <trkpt lat="48.1708920" lon="16.3970190"/>
      <trkpt lat="48.1709680" lon="16.3972350"/>
      <trkpt lat="48.1710500" lon="16.3974440"/>
      <trkpt lat="48.1711630" lon="16.3976840"/>
      <trkpt lat="48.1712800" lon="16.3978980"/>
      <trkpt lat="48.1714050" lon="16.3980870"/>
      <trkpt lat="48.1715280" lon="16.3982550"/>
      <trkpt lat="48.1716370" lon="16.3983820"/>
      <trkpt lat="48.1717730" lon="16.3985180"/>
      <trkpt lat="48.1719160" lon="16.3986450"/>
      <trkpt lat="48.1720710" lon="16.3987600"/>
      <trkpt lat="48.1722220" lon="16.3988510"/>
      <trkpt lat="48.1723890" lon="16.3989410"/>
      <trkpt lat="48.1725630" lon="16.3990180"/>
      <trkpt lat="48.1727660" lon="16.3990910"/>
      <trkpt lat="48.1729700" lon="16.3991510"/>
      <trkpt lat="48.1732400" lon="16.3992130"/>
      <trkpt lat="48.1735290" lon="16.3992750"/>
      <trkpt lat="48.1744460" lon="16.3994740"/>
      <trkpt lat="48.1764790" lon="16.3999130"/>
      <trkpt lat="48.1768450" lon="16.3999890"/>
      <trkpt lat="48.1773780" lon="16.4002400"/>
      <trkpt lat="48.1776880" lon="16.4003700"/>
      <trkpt lat="48.1779370" lon="16.4004850"/>
      <trkpt lat="48.1781730" lon="16.4006100"/>
      <trkpt lat="48.1784140" lon="16.4007620"/>
      <trkpt lat="48.1786640" lon="16.4009540"/>
      <trkpt lat="48.1789150" lon="16.4011690"/>
      <trkpt lat="48.1793400" lon="16.4015580"/>
      <trkpt lat="48.1795050" lon="16.4016900"/>
      <trkpt lat="48.1796390" lon="16.4017750"/>
      <trkpt lat="48.1797620" lon="16.4018280"/>
      <trkpt lat="48.1798680" lon="16.4018640"/>
      <trkpt lat="48.1800200" lon="16.4018870"/>
      <trkpt lat="48.1801670" lon="16.4018840"/>
      <trkpt lat="48.1803230" lon="16.4018520"/>
      <trkpt lat="48.1804850" lon="16.4017830"/>
      <trkpt lat="48.1806380" lon="16.4016840"/>
      <trkpt lat="48.1807590" lon="16.4015730"/>
      <trkpt lat="48.1808920" lon="16.4014220"/>
      <trkpt lat="48.1810080" lon="16.4012470"/>
      <trkpt lat="48.1811140" lon="16.4010600"/>
      <trkpt lat="48.1812340" lon="16.4008310"/>
      <trkpt lat="48.1814210" lon="16.4004850"/>
      <trkpt lat="48.1815020" lon="16.4003470"/>
      <trkpt lat="48.1815800" lon="16.4002250"/>
      <trkpt lat="48.1816600" lon="16.4001150"/>
      <trkpt lat="48.1817850" lon="16.3999590"/>
      <trkpt lat="48.1819020" lon="16.3998300"/>
      <trkpt lat="48.1820410" lon="16.3996890"/>
      <trkpt lat="48.1823470" lon="16.3993610"/>
      <trkpt lat="48.1831420" lon="16.3988150"/>
      <trkpt lat="48.1834060" lon="16.3986340"/>
      <trkpt lat="48.1836550" lon="16.3984600"/>
      <trkpt lat="48.1838560" lon="16.3982800"/>
      <trkpt lat="48.1840360" lon="16.3980920"/>
      <trkpt lat="48.1842800" lon="16.3977990"/>
      <trkpt lat="48.1846100" lon="16.3973860"/>
      <trkpt lat="48.1847770" lon="16.3971980"/>
      <trkpt lat="48.1849600" lon="16.3970420"/>
      <trkpt lat="48.1854890" lon="16.3966430"/>
      <trkpt lat="48.1859170" lon="16.3962370"/>
      <trkpt lat="48.1862000" lon="16.3959150"/>
      <trkpt lat="48.1865540" lon="16.3954750"/>
      <trkpt lat="48.1868840" lon="16.3950060"/>
      <trkpt lat="48.1870560" lon="16.3947290"/>
      <trkpt lat="48.1872160" lon="16.3944160"/>
      <trkpt lat="48.1872500" lon="16.3943480"/>
      <trkpt lat="48.1873920" lon="16.3940700"/>
      <trkpt lat="48.1874960" lon="16.3938410"/>
      <trkpt lat="48.1875930" lon="16.3936830"/>
      <trkpt lat="48.1876220" lon="16.3935990"/>
      <trkpt lat="48.1876370" lon="16.3935560"/>
      <trkpt lat="48.1878550" lon="16.3929270"/>
      <trkpt lat="48.1879490" lon="16.3925800"/>
      <trkpt lat="48.1879940" lon="16.3923800"/>
      <trkpt lat="48.1880210" lon="16.3922240"/>
      <trkpt lat="48.1880650" lon="16.3919670"/>
      <trkpt lat="48.1881010" lon="16.3917570"/>
      <trkpt lat="48.1881300" lon="16.3915310"/>
      <trkpt lat="48.1881500" lon="16.3912960"/>
      <trkpt lat="48.1881560" lon="16.3911980"/>
      <trkpt lat="48.1881620" lon="16.3910990"/>
      <trkpt lat="48.1881690" lon="16.3909180"/>
      <trkpt lat="48.1882500" lon="16.3909390"/>
      <trkpt lat="48.1882810" lon="16.3909470"/>
      <trkpt lat="48.1883100" lon="16.3909570"/>
      <trkpt lat="48.1883200" lon="16.3909600"/>
      <trkpt lat="48.1883770" lon="16.3909830"/>
      <trkpt lat="48.1884340" lon="16.3910150"/>
      <trkpt lat="48.1890860" lon="16.3914190"/>
      <trkpt lat="48.1891360" lon="16.3914420"/>
      <trkpt lat="48.1894380" lon="16.3915870"/>
      <trkpt lat="48.1896800" lon="16.3916560"/>
      <trkpt lat="48.1898720" lon="16.3916980"/>
      <trkpt lat="48.1899690" lon="16.3917170"/>
      <trkpt lat="48.1902760" lon="16.3917370"/>
      <trkpt lat="48.1905260" lon="16.3917250"/>
      <trkpt lat="48.1908890" lon="16.3916730"/>
      <trkpt lat="48.1911110" lon="16.3916030"/>
      <trkpt lat="48.1912110" lon="16.3915720"/>
      <trkpt lat="48.1915100" lon="16.3914330"/>
      <trkpt lat="48.1917960" lon="16.3912630"/>
      <trkpt lat="48.1923410" lon="16.3908500"/>
      <trkpt lat="48.1924580" lon="16.3907500"/>
      <trkpt lat="48.1927930" lon="16.3903370"/>
      <trkpt lat="48.1928930" lon="16.3903010"/>
      <trkpt lat="48.1929450" lon="16.3903190"/>
      <trkpt lat="48.1929970" lon="16.3903370"/>
      <trkpt lat="48.1933260" lon="16.3905090"/>
      <trkpt lat="48.1933440" lon="16.3905180"/>
      <trkpt lat="48.1934040" lon="16.3905490"/>
      <trkpt lat="48.1934520" lon="16.3905740"/>
      <trkpt lat="48.1935080" lon="16.3906050"/>
      <trkpt lat="48.1935580" lon="16.3906340"/>
      <trkpt lat="48.1935710" lon="16.3906420"/>
      <trkpt lat="48.1936500" lon="16.3905340"/>
      <trkpt lat="48.1936790" lon="16.3904850"/>
      <trkpt lat="48.1937600" lon="16.3901320"/>
      <trkpt lat="48.1937740" lon="16.3900570"/>
      <trkpt lat="48.1937730" lon="16.3898090"/>
      <trkpt lat="48.1939870" lon="16.3889020"/>
      <trkpt lat="48.1940640" lon="16.3885730"/>
      <trkpt lat="48.1941230" lon="16.3883200"/>
      <trkpt lat="48.1942260" lon="16.3878810"/>
      <trkpt lat="48.1942960" lon="16.3875930"/>
      <trkpt lat="48.1943470" lon="16.3873710"/>
      <trkpt lat="48.1944100" lon="16.3872260"/>
      <trkpt lat="48.1944720" lon="16.3869700"/>
      <trkpt lat="48.1945430" lon="16.3866650"/>
      <trkpt lat="48.1945560" lon="16.3866140"/>
      <trkpt lat="48.1945970" lon="16.3864550"/>
      <trkpt lat="48.1946010" lon="16.3864560"/>
      <trkpt lat="48.1946190" lon="16.3864600"/>
      <trkpt lat="48.1946790" lon="16.3864780"/>
      <trkpt lat="48.1947080" lon="16.3864850"/>
      <trkpt lat="48.1948340" lon="16.3865150"/>
      <trkpt lat="48.1949170" lon="16.3865250"/>
      <trkpt lat="48.1949750" lon="16.3865330"/>
      <trkpt lat="48.1951350" lon="16.3865570"/>
      <trkpt lat="48.1952760" lon="16.3865780"/>
      <trkpt lat="48.1953190" lon="16.3865850"/>
      <trkpt lat="48.1953480" lon="16.3865890"/>
      <trkpt lat="48.1953720" lon="16.3865930"/>
      <trkpt lat="48.1954990" lon="16.3866130"/>
      <trkpt lat="48.1956790" lon="16.3866430"/>
      <trkpt lat="48.1956960" lon="16.3866470"/>
      <trkpt lat="48.1957250" lon="16.3866530"/>
      <trkpt lat="48.1957740" lon="16.3866640"/>
      <trkpt lat="48.1958350" lon="16.3866810"/>
      <trkpt lat="48.1959190" lon="16.3867070"/>
      <trkpt lat="48.1959500" lon="16.3867170"/>
      <trkpt lat="48.1959950" lon="16.3867300"/>
      <trkpt lat="48.1961220" lon="16.3867780"/>
      <trkpt lat="48.1962750" lon="16.3868360"/>
      <trkpt lat="48.1965300" lon="16.3869330"/>
      <trkpt lat="48.1966460" lon="16.3869770"/>
      <trkpt lat="48.1966750" lon="16.3869860"/>
      <trkpt lat="48.1971190" lon="16.3871260"/>
      <trkpt lat="48.1971410" lon="16.3871330"/>
      <trkpt lat="48.1971980" lon="16.3871510"/>
      <trkpt lat="48.1972630" lon="16.3871680"/>
      <trkpt lat="48.1972990" lon="16.3871770"/>
      <trkpt lat="48.1973270" lon="16.3871840"/>
      <trkpt lat="48.1973560" lon="16.3871900"/>
      <trkpt lat="48.1973620" lon="16.3871910"/>
      <trkpt lat="48.1975260" lon="16.3872210"/>
      <trkpt lat="48.1976590" lon="16.3872350"/>
      <trkpt lat="48.1977080" lon="16.3872410"/>
      <trkpt lat="48.1977200" lon="16.3872420"/>
      <trkpt lat="48.1977600" lon="16.3872470"/>
      <trkpt lat="48.1979980" lon="16.3872760"/>
      <trkpt lat="48.1980760" lon="16.3872860"/>
      <trkpt lat="48.1981470" lon="16.3872930"/>
      <trkpt lat="48.1982480" lon="16.3873050"/>
      <trkpt lat="48.1983170" lon="16.3873130"/>
      <trkpt lat="48.1986090" lon="16.3873480"/>
      <trkpt lat="48.1989620" lon="16.3873890"/>
      <trkpt lat="48.1989880" lon="16.3873930"/>
      <trkpt lat="48.1990630" lon="16.3873990"/>
      <trkpt lat="48.1991330" lon="16.3874060"/>
      <trkpt lat="48.1991880" lon="16.3874120"/>
      <trkpt lat="48.1992010" lon="16.3874140"/>
      <trkpt lat="48.1993250" lon="16.3874280"/>
      <trkpt lat="48.1995130" lon="16.3874400"/>
      <trkpt lat="48.1998890" lon="16.3874610"/>
      <trkpt lat="48.1999220" lon="16.3874620"/>
      <trkpt lat="48.2001320" lon="16.3874680"/>
      <trkpt lat="48.2004170" lon="16.3874570"/>
      <trkpt lat="48.2006410" lon="16.3874400"/>
      <trkpt lat="48.2009140" lon="16.3874160"/>
      <trkpt lat="48.2011590" lon="16.3873960"/>
      <trkpt lat="48.2012650" lon="16.3873870"/>
      <trkpt lat="48.2013090" lon="16.3873830"/>
      <trkpt lat="48.2013660" lon="16.3873790"/>
      <trkpt lat="48.2014470" lon="16.3873700"/>
      <trkpt lat="48.2014570" lon="16.3873690"/>
      <trkpt lat="48.2016520" lon="16.3873510"/>
      <trkpt lat="48.2018700" lon="16.3873250"/>
      <trkpt lat="48.2020570" lon="16.3873040"/>
      <trkpt lat="48.2021740" lon="16.3872900"/>
      <trkpt lat="48.2023270" lon="16.3872640"/>
      <trkpt lat="48.2024740" lon="16.3872270"/>
      <trkpt lat="48.2026890" lon="16.3871560"/>
      <trkpt lat="48.2028810" lon="16.3870680"/>
      <trkpt lat="48.2030020" lon="16.3870010"/>
      <trkpt lat="48.2031090" lon="16.3869230"/>
      <trkpt lat="48.2031850" lon="16.3868640"/>
      <trkpt lat="48.2033040" lon="16.3867480"/>
      <trkpt lat="48.2033920" lon="16.3866380"/>
      <trkpt lat="48.2034550" lon="16.3865290"/>
      <trkpt lat="48.2034940" lon="16.3864350"/>
      <trkpt lat="48.2035430" lon="16.3862690"/>
      <trkpt lat="48.2035540" lon="16.3862310"/>
      <trkpt lat="48.2035890" lon="16.3861130"/>
      <trkpt lat="48.2036220" lon="16.3860020"/>
      <trkpt lat="48.2036350" lon="16.3859610"/>
      <trkpt lat="48.2037420" lon="16.3856070"/>
      <trkpt lat="48.2038120" lon="16.3854620"/>
      <trkpt lat="48.2040030" lon="16.3851700"/>
      <trkpt lat="48.2041810" lon="16.3848860"/>
      <trkpt lat="48.2043500" lon="16.3846390"/>
      <trkpt lat="48.2043760" lon="16.3846120"/>
      <trkpt lat="48.2044100" lon="16.3845860"/>
      <trkpt lat="48.2044090" lon="16.3845660"/>
      <trkpt lat="48.2044040" lon="16.3844860"/>
      <trkpt lat="48.2044660" lon="16.3843060"/>
      <trkpt lat="48.2044540" lon="16.3842430"/>
      <trkpt lat="48.2044490" lon="16.3841700"/>
      <trkpt lat="48.2044560" lon="16.3839400"/>
      <trkpt lat="48.2044250" lon="16.3836850"/>
      <trkpt lat="48.2044430" lon="16.3834360"/>
      <trkpt lat="48.2044460" lon="16.3834040"/>
      <trkpt lat="48.2044540" lon="16.3833470"/>
      <trkpt lat="48.2044700" lon="16.3832330"/>
      <trkpt lat="48.2044690" lon="16.3831960"/>
      <trkpt lat="48.2044650" lon="16.3831550"/>
      <trkpt lat="48.2044560" lon="16.3831160"/>
      <trkpt lat="48.2044420" lon="16.3830770"/>
      <trkpt lat="48.2044210" lon="16.3830410"/>
      <trkpt lat="48.2042970" lon="16.3829890"/>
      <trkpt lat="48.2042230" lon="16.3829500"/>
      <trkpt lat="48.2040460" lon="16.3828560"/>
      <trkpt lat="48.2038160" lon="16.3825500"/>
  </trkseg></trk>
  <trk><name>2026-05-01</name><trkseg>
      <trkpt lat="48.2042230" lon="16.3819740"/>
      <trkpt lat="48.2042450" lon="16.3819580"/>
      <trkpt lat="48.2042960" lon="16.3818140"/>
      <trkpt lat="48.2041970" lon="16.3814560"/>
      <trkpt lat="48.2041430" lon="16.3812580"/>
      <trkpt lat="48.2039460" lon="16.3809700"/>
      <trkpt lat="48.2038000" lon="16.3806980"/>
      <trkpt lat="48.2038740" lon="16.3805880"/>
      <trkpt lat="48.2041010" lon="16.3802960"/>
      <trkpt lat="48.2041530" lon="16.3802300"/>
      <trkpt lat="48.2041650" lon="16.3802070"/>
      <trkpt lat="48.2041990" lon="16.3801430"/>
      <trkpt lat="48.2040420" lon="16.3799720"/>
      <trkpt lat="48.2040450" lon="16.3799460"/>
      <trkpt lat="48.2040410" lon="16.3799160"/>
      <trkpt lat="48.2040340" lon="16.3798810"/>
      <trkpt lat="48.2040060" lon="16.3798190"/>
      <trkpt lat="48.2039730" lon="16.3797600"/>
      <trkpt lat="48.2039480" lon="16.3796920"/>
      <trkpt lat="48.2039200" lon="16.3796070"/>
      <trkpt lat="48.2039120" lon="16.3795500"/>
      <trkpt lat="48.2039060" lon="16.3794870"/>
      <trkpt lat="48.2039040" lon="16.3794250"/>
      <trkpt lat="48.2039070" lon="16.3793470"/>
      <trkpt lat="48.2039060" lon="16.3792070"/>
      <trkpt lat="48.2039030" lon="16.3791020"/>
      <trkpt lat="48.2039050" lon="16.3790430"/>
      <trkpt lat="48.2039090" lon="16.3789910"/>
      <trkpt lat="48.2039770" lon="16.3788690"/>
      <trkpt lat="48.2041040" lon="16.3786160"/>
      <trkpt lat="48.2041440" lon="16.3785330"/>
      <trkpt lat="48.2041590" lon="16.3783840"/>
      <trkpt lat="48.2041870" lon="16.3782370"/>
      <trkpt lat="48.2042730" lon="16.3780520"/>
      <trkpt lat="48.2043000" lon="16.3780130"/>
      <trkpt lat="48.2043150" lon="16.3779810"/>
      <trkpt lat="48.2043530" lon="16.3778960"/>
      <trkpt lat="48.2043870" lon="16.3778230"/>
      <trkpt lat="48.2043510" lon="16.3777830"/>
      <trkpt lat="48.2043790" lon="16.3777200"/>
      <trkpt lat="48.2044030" lon="16.3776600"/>
      <trkpt lat="48.2044340" lon="16.3775860"/>
      <trkpt lat="48.2044630" lon="16.3775140"/>
      <trkpt lat="48.2045040" lon="16.3774260"/>
      <trkpt lat="48.2045330" lon="16.3773520"/>
      <trkpt lat="48.2042350" lon="16.3770500"/>
      <trkpt lat="48.2040690" lon="16.3768840"/>
      <trkpt lat="48.2040240" lon="16.3768390"/>
      <trkpt lat="48.2035120" lon="16.3763160"/>
      <trkpt lat="48.2034650" lon="16.3762680"/>
      <trkpt lat="48.2034010" lon="16.3761980"/>
      <trkpt lat="48.2029360" lon="16.3757430"/>
      <trkpt lat="48.2019930" lon="16.3747690"/>
      <trkpt lat="48.2019530" lon="16.3746780"/>
      <trkpt lat="48.2018750" lon="16.3743840"/>
      <trkpt lat="48.2018100" lon="16.3741440"/>
      <trkpt lat="48.2017840" lon="16.3740410"/>
      <trkpt lat="48.2017350" lon="16.3738480"/>
      <trkpt lat="48.2016950" lon="16.3736560"/>
      <trkpt lat="48.2016970" lon="16.3735250"/>
      <trkpt lat="48.2021140" lon="16.3716680"/>
      <trkpt lat="48.2021290" lon="16.3716030"/>
      <trkpt lat="48.2021490" lon="16.3715120"/>
      <trkpt lat="48.2021010" lon="16.3714890"/>
      <trkpt lat="48.2020750" lon="16.3714750"/>
      <trkpt lat="48.2020430" lon="16.3714480"/>
      <trkpt lat="48.2020050" lon="16.3714140"/>
      <trkpt lat="48.2019950" lon="16.3714090"/>
      <trkpt lat="48.2019770" lon="16.3714000"/>
      <trkpt lat="48.2019460" lon="16.3713840"/>
      <trkpt lat="48.2019000" lon="16.3713610"/>
      <trkpt lat="48.2018870" lon="16.3713550"/>
      <trkpt lat="48.2018500" lon="16.3713110"/>
      <trkpt lat="48.2018590" lon="16.3712570"/>
      <trkpt lat="48.2018590" lon="16.3712180"/>
      <trkpt lat="48.2018410" lon="16.3711560"/>
      <trkpt lat="48.2018230" lon="16.3711070"/>
      <trkpt lat="48.2018620" lon="16.3709320"/>
      <trkpt lat="48.2018660" lon="16.3708820"/>
      <trkpt lat="48.2018190" lon="16.3708580"/>
      <trkpt lat="48.2018550" lon="16.3706930"/>
      <trkpt lat="48.2020260" lon="16.3699160"/>
      <trkpt lat="48.2020710" lon="16.3697170"/>
      <trkpt lat="48.2020750" lon="16.3696970"/>
      <trkpt lat="48.2019930" lon="16.3696610"/>
      <trkpt lat="48.2017740" lon="16.3695430"/>
      <trkpt lat="48.2016390" lon="16.3694680"/>
      <trkpt lat="48.2015880" lon="16.3694360"/>
      <trkpt lat="48.2015740" lon="16.3694280"/>
      <trkpt lat="48.2012790" lon="16.3692930"/>
      <trkpt lat="48.2011320" lon="16.3692260"/>
      <trkpt lat="48.2010860" lon="16.3691930"/>
      <trkpt lat="48.2011080" lon="16.3691030"/>
      <trkpt lat="48.2011310" lon="16.3690070"/>
      <trkpt lat="48.2011550" lon="16.3689110"/>
      <trkpt lat="48.2012000" lon="16.3687290"/>
      <trkpt lat="48.2012130" lon="16.3686490"/>
      <trkpt lat="48.2012630" lon="16.3681770"/>
      <trkpt lat="48.2013110" lon="16.3675570"/>
      <trkpt lat="48.2013140" lon="16.3674770"/>
      <trkpt lat="48.2013630" lon="16.3674340"/>
      <trkpt lat="48.2013900" lon="16.3673350"/>
      <trkpt lat="48.2014100" lon="16.3672580"/>
      <trkpt lat="48.2013990" lon="16.3672110"/>
      <trkpt lat="48.2013530" lon="16.3671850"/>
      <trkpt lat="48.2013660" lon="16.3671250"/>
      <trkpt lat="48.2015710" lon="16.3661930"/>
      <trkpt lat="48.2015870" lon="16.3661210"/>
      <trkpt lat="48.2016200" lon="16.3659730"/>
      <trkpt lat="48.2017460" lon="16.3654070"/>
      <trkpt lat="48.2017660" lon="16.3653130"/>
      <trkpt lat="48.2019550" lon="16.3654120"/>
      <trkpt lat="48.2020210" lon="16.3654460"/>
      <trkpt lat="48.2020370" lon="16.3654040"/>
      <trkpt lat="48.2020550" lon="16.3653800"/>
      <trkpt lat="48.2020780" lon="16.3653620"/>
      <trkpt lat="48.2021050" lon="16.3653540"/>
      <trkpt lat="48.2021430" lon="16.3653620"/>
      <trkpt lat="48.2021770" lon="16.3654000"/>
      <trkpt lat="48.2021950" lon="16.3654410"/>
      <trkpt lat="48.2021990" lon="16.3654660"/>
      <trkpt lat="48.2021990" lon="16.3655410"/>
      <trkpt lat="48.2024170" lon="16.3656480"/>
      <trkpt lat="48.2024430" lon="16.3655220"/>
      <trkpt lat="48.2025110" lon="16.3655560"/>
      <trkpt lat="48.2029620" lon="16.3657810"/>
      <trkpt lat="48.2033400" lon="16.3641550"/>
      <trkpt lat="48.2033770" lon="16.3641650"/>
      <trkpt lat="48.2034150" lon="16.3640590"/>
      <trkpt lat="48.2035580" lon="16.3638770"/>
      <trkpt lat="48.2037530" lon="16.3636240"/>
      <trkpt lat="48.2038210" lon="16.3635160"/>
      <trkpt lat="48.2038780" lon="16.3634090"/>
      <trkpt lat="48.2038540" lon="16.3633680"/>
      <trkpt lat="48.2043140" lon="16.3627440"/>
      <trkpt lat="48.2046680" lon="16.3622650"/>
      <trkpt lat="48.2049920" lon="16.3618380"/>
      <trkpt lat="48.2049830" lon="16.3618200"/>
      <trkpt lat="48.2049650" lon="16.3615610"/>
      <trkpt lat="48.2047590" lon="16.3612000"/>
      <trkpt lat="48.2046210" lon="16.3609620"/>
      <trkpt lat="48.2046560" lon="16.3609000"/>
      <trkpt lat="48.2046770" lon="16.3608260"/>
      <trkpt lat="48.2046820" lon="16.3607460"/>
      <trkpt lat="48.2046710" lon="16.3606680"/>
      <trkpt lat="48.2046440" lon="16.3605980"/>
      <trkpt lat="48.2048990" lon="16.3602560"/>
      <trkpt lat="48.2049570" lon="16.3601780"/>
      <trkpt lat="48.2049750" lon="16.3601530"/>
      <trkpt lat="48.2050000" lon="16.3601210"/>
      <trkpt lat="48.2050320" lon="16.3600770"/>
      <trkpt lat="48.2050320" lon="16.3600770"/>
      <trkpt lat="48.2050000" lon="16.3601210"/>
      <trkpt lat="48.2050890" lon="16.3602660"/>
      <trkpt lat="48.2051080" lon="16.3603160"/>
      <trkpt lat="48.2051130" lon="16.3603740"/>
      <trkpt lat="48.2050970" lon="16.3604320"/>
      <trkpt lat="48.2050690" lon="16.3604710"/>
      <trkpt lat="48.2050410" lon="16.3605050"/>
      <trkpt lat="48.2051430" lon="16.3606860"/>
      <trkpt lat="48.2053510" lon="16.3610540"/>
      <trkpt lat="48.2054400" lon="16.3612130"/>
      <trkpt lat="48.2054500" lon="16.3612300"/>
      <trkpt lat="48.2053150" lon="16.3614110"/>
      <trkpt lat="48.2051370" lon="16.3616510"/>
      <trkpt lat="48.2051750" lon="16.3617120"/>
      <trkpt lat="48.2052100" lon="16.3617660"/>
      <trkpt lat="48.2052380" lon="16.3618040"/>
      <trkpt lat="48.2052610" lon="16.3618210"/>
      <trkpt lat="48.2052830" lon="16.3618340"/>
      <trkpt lat="48.2053210" lon="16.3618800"/>
      <trkpt lat="48.2053610" lon="16.3619320"/>
      <trkpt lat="48.2053850" lon="16.3619610"/>
      <trkpt lat="48.2054290" lon="16.3620330"/>
      <trkpt lat="48.2054700" lon="16.3621410"/>
      <trkpt lat="48.2056710" lon="16.3625010"/>
      <trkpt lat="48.2057780" lon="16.3626930"/>
      <trkpt lat="48.2057970" lon="16.3627260"/>
      <trkpt lat="48.2058560" lon="16.3628270"/>
      <trkpt lat="48.2063510" lon="16.3636700"/>
      <trkpt lat="48.2065950" lon="16.3633370"/>
      <trkpt lat="48.2066290" lon="16.3633790"/>
      <trkpt lat="48.2066500" lon="16.3633900"/>
      <trkpt lat="48.2066290" lon="16.3633790"/>
      <trkpt lat="48.2065950" lon="16.3633370"/>
      <trkpt lat="48.2063510" lon="16.3636700"/>
      <trkpt lat="48.2058560" lon="16.3628270"/>
      <trkpt lat="48.2057970" lon="16.3627260"/>
      <trkpt lat="48.2057260" lon="16.3628210"/>
      <trkpt lat="48.2056510" lon="16.3629180"/>
      <trkpt lat="48.2056320" lon="16.3628870"/>
      <trkpt lat="48.2055200" lon="16.3627020"/>
      <trkpt lat="48.2053110" lon="16.3623560"/>
      <trkpt lat="48.2049790" lon="16.3627990"/>
      <trkpt lat="48.2041340" lon="16.3639060"/>
      <trkpt lat="48.2041590" lon="16.3639380"/>
      <trkpt lat="48.2041930" lon="16.3639960"/>
      <trkpt lat="48.2039180" lon="16.3643680"/>
      <trkpt lat="48.2038810" lon="16.3644390"/>
      <trkpt lat="48.2038300" lon="16.3645070"/>
      <trkpt lat="48.2038040" lon="16.3645910"/>
      <trkpt lat="48.2039110" lon="16.3646930"/>
      <trkpt lat="48.2038040" lon="16.3645910"/>
      <trkpt lat="48.2037470" lon="16.3648690"/>
      <trkpt lat="48.2038540" lon="16.3649620"/>
      <trkpt lat="48.2039130" lon="16.3650400"/>
      <trkpt lat="48.2039470" lon="16.3651130"/>
      <trkpt lat="48.2039230" lon="16.3651750"/>
      <trkpt lat="48.2039020" lon="16.3652220"/>
      <trkpt lat="48.2038870" lon="16.3652680"/>
      <trkpt lat="48.2038760" lon="16.3653180"/>
      <trkpt lat="48.2038680" lon="16.3653780"/>
      <trkpt lat="48.2038640" lon="16.3654350"/>
      <trkpt lat="48.2038610" lon="16.3655150"/>
      <trkpt lat="48.2038710" lon="16.3656750"/>
      <trkpt lat="48.2038780" lon="16.3658010"/>
      <trkpt lat="48.2039080" lon="16.3658410"/>
      <trkpt lat="48.2039680" lon="16.3659350"/>
      <trkpt lat="48.2040190" lon="16.3660550"/>
      <trkpt lat="48.2040220" lon="16.3661800"/>
      <trkpt lat="48.2041120" lon="16.3662070"/>
      <trkpt lat="48.2041180" lon="16.3663280"/>
      <trkpt lat="48.2041610" lon="16.3664690"/>
      <trkpt lat="48.2041730" lon="16.3666110"/>
      <trkpt lat="48.2041780" lon="16.3668390"/>
      <trkpt lat="48.2041990" lon="16.3669730"/>
      <trkpt lat="48.2042360" lon="16.3670470"/>
      <trkpt lat="48.2043370" lon="16.3671900"/>
      <trkpt lat="48.2044390" lon="16.3674110"/>
      <trkpt lat="48.2044280" lon="16.3675420"/>
      <trkpt lat="48.2044270" lon="16.3675580"/>
      <trkpt lat="48.2044260" lon="16.3675710"/>
      <trkpt lat="48.2044120" lon="16.3677180"/>
      <trkpt lat="48.2044160" lon="16.3677710"/>
      <trkpt lat="48.2044500" lon="16.3678380"/>
      <trkpt lat="48.2044050" lon="16.3679050"/>
      <trkpt lat="48.2043210" lon="16.3680250"/>
      <trkpt lat="48.2042260" lon="16.3681510"/>
      <trkpt lat="48.2040070" lon="16.3684420"/>
      <trkpt lat="48.2039800" lon="16.3685200"/>
      <trkpt lat="48.2039600" lon="16.3686720"/>
      <trkpt lat="48.2039240" lon="16.3688490"/>
      <trkpt lat="48.2038470" lon="16.3693190"/>
      <trkpt lat="48.2037490" lon="16.3697550"/>
      <trkpt lat="48.2036820" lon="16.3700570"/>
      <trkpt lat="48.2036430" lon="16.3702050"/>
      <trkpt lat="48.2037200" lon="16.3703100"/>
      <trkpt lat="48.2040770" lon="16.3704810"/>
      <trkpt lat="48.2041550" lon="16.3705180"/>
      <trkpt lat="48.2046590" lon="16.3707330"/>
      <trkpt lat="48.2053250" lon="16.3710620"/>
      <trkpt lat="48.2059810" lon="16.3713830"/>
      <trkpt lat="48.2065600" lon="16.3715130"/>
      <trkpt lat="48.2067420" lon="16.3715530"/>
      <trkpt lat="48.2071020" lon="16.3716330"/>
      <trkpt lat="48.2071640" lon="16.3716460"/>
      <trkpt lat="48.2072010" lon="16.3716550"/>
      <trkpt lat="48.2076480" lon="16.3717650"/>
      <trkpt lat="48.2077100" lon="16.3718110"/>
      <trkpt lat="48.2078520" lon="16.3718350"/>
      <trkpt lat="48.2079510" lon="16.3718540"/>
      <trkpt lat="48.2080040" lon="16.3716830"/>
      <trkpt lat="48.2082170" lon="16.3719070"/>
      <trkpt lat="48.2083800" lon="16.3720800"/>
      <trkpt lat="48.2082990" lon="16.3723170"/>
      <trkpt lat="48.2082820" lon="16.3723650"/>
      <trkpt lat="48.2081360" lon="16.3728530"/>
      <trkpt lat="48.2080390" lon="16.3731950"/>
      <trkpt lat="48.2080600" lon="16.3737230"/>
      <trkpt lat="48.2081020" lon="16.3738370"/>
      <trkpt lat="48.2083340" lon="16.3740270"/>
      <trkpt lat="48.2084140" lon="16.3741510"/>
      <trkpt lat="48.2084550" lon="16.3742280"/>
      <trkpt lat="48.2085440" lon="16.3743180"/>
      <trkpt lat="48.2085590" lon="16.3743370"/>
      <trkpt lat="48.2084500" lon="16.3747200"/>
      <trkpt lat="48.2084070" lon="16.3748310"/>
      <trkpt lat="48.2086910" lon="16.3751040"/>
      <trkpt lat="48.2087890" lon="16.3752000"/>
      <trkpt lat="48.2087600" lon="16.3752740"/>
      <trkpt lat="48.2087290" lon="16.3753560"/>
      <trkpt lat="48.2087490" lon="16.3753850"/>
      <trkpt lat="48.2091530" lon="16.3759720"/>
      <trkpt lat="48.2091710" lon="16.3759980"/>
      <trkpt lat="48.2090330" lon="16.3763190"/>
      <trkpt lat="48.2090570" lon="16.3763480"/>
      <trkpt lat="48.2092540" lon="16.3765800"/>
      <trkpt lat="48.2092830" lon="16.3766160"/>
      <trkpt lat="48.2092420" lon="16.3767100"/>
      <trkpt lat="48.2094300" lon="16.3770080"/>
      <trkpt lat="48.2095180" lon="16.3772000"/>
      <trkpt lat="48.2095330" lon="16.3772430"/>
      <trkpt lat="48.2095400" lon="16.3772870"/>
      <trkpt lat="48.2095420" lon="16.3773260"/>
      <trkpt lat="48.2095410" lon="16.3773650"/>
      <trkpt lat="48.2095400" lon="16.3773930"/>
      <trkpt lat="48.2095110" lon="16.3775580"/>
      <trkpt lat="48.2094950" lon="16.3776230"/>
      <trkpt lat="48.2094770" lon="16.3776820"/>
      <trkpt lat="48.2094550" lon="16.3777390"/>
      <trkpt lat="48.2092400" lon="16.3782810"/>
      <trkpt lat="48.2092370" lon="16.3783080"/>
      <trkpt lat="48.2092430" lon="16.3783250"/>
      <trkpt lat="48.2093910" lon="16.3784700"/>
      <trkpt lat="48.2095580" lon="16.3786200"/>
      <trkpt lat="48.2095650" lon="16.3786450"/>
      <trkpt lat="48.2095900" lon="16.3786470"/>
      <trkpt lat="48.2098860" lon="16.3789000"/>
      <trkpt lat="48.2100490" lon="16.3789120"/>
      <trkpt lat="48.2101020" lon="16.3789420"/>
      <trkpt lat="48.2101560" lon="16.3789780"/>
      <trkpt lat="48.2102560" lon="16.3790430"/>
      <trkpt lat="48.2101560" lon="16.3789780"/>
      <trkpt lat="48.2101020" lon="16.3789420"/>
      <trkpt lat="48.2100490" lon="16.3789120"/>
      <trkpt lat="48.2098860" lon="16.3789000"/>
      <trkpt lat="48.2096510" lon="16.3789290"/>
      <trkpt lat="48.2094470" lon="16.3789850"/>
      <trkpt lat="48.2093550" lon="16.3790170"/>
      <trkpt lat="48.2093040" lon="16.3790150"/>
      <trkpt lat="48.2092040" lon="16.3790060"/>
      <trkpt lat="48.2090670" lon="16.3789030"/>
      <trkpt lat="48.2090370" lon="16.3790050"/>
      <trkpt lat="48.2087080" lon="16.3796040"/>
      <trkpt lat="48.2086820" lon="16.3796770"/>
      <trkpt lat="48.2086580" lon="16.3796620"/>
      <trkpt lat="48.2084830" lon="16.3797420"/>
      <trkpt lat="48.2084270" lon="16.3796990"/>
      <trkpt lat="48.2081450" lon="16.3793970"/>
      <trkpt lat="48.2080990" lon="16.3793460"/>
      <trkpt lat="48.2080860" lon="16.3793390"/>
      <trkpt lat="48.2080570" lon="16.3793460"/>
      <trkpt lat="48.2079770" lon="16.3792790"/>
      <trkpt lat="48.2079320" lon="16.3793780"/>
      <trkpt lat="48.2078880" lon="16.3794170"/>
      <trkpt lat="48.2078650" lon="16.3794710"/>
      <trkpt lat="48.2077840" lon="16.3796530"/>
      <trkpt lat="48.2076760" lon="16.3798960"/>
      <trkpt lat="48.2074710" lon="16.3803560"/>
      <trkpt lat="48.2075260" lon="16.3804210"/>
      <trkpt lat="48.2075810" lon="16.3804770"/>
      <trkpt lat="48.2075260" lon="16.3804210"/>
      <trkpt lat="48.2074710" lon="16.3803560"/>
      <trkpt lat="48.2074440" lon="16.3803280"/>
      <trkpt lat="48.2073570" lon="16.3802400"/>
      <trkpt lat="48.2072710" lon="16.3801520"/>
      <trkpt lat="48.2072400" lon="16.3801210"/>
      <trkpt lat="48.2071910" lon="16.3800700"/>
      <trkpt lat="48.2071630" lon="16.3801330"/>
      <trkpt lat="48.2071290" lon="16.3802120"/>
      <trkpt lat="48.2071040" lon="16.3802690"/>
      <trkpt lat="48.2070890" lon="16.3803030"/>
      <trkpt lat="48.2070580" lon="16.3803750"/>
      <trkpt lat="48.2070330" lon="16.3804310"/>
      <trkpt lat="48.2070230" lon="16.3804560"/>
      <trkpt lat="48.2070180" lon="16.3805090"/>
      <trkpt lat="48.2070110" lon="16.3805990"/>
      <trkpt lat="48.2069920" lon="16.3806920"/>
      <trkpt lat="48.2069540" lon="16.3807270"/>
      <trkpt lat="48.2068690" lon="16.3807460"/>
      <trkpt lat="48.2067870" lon="16.3807730"/>
      <trkpt lat="48.2067730" lon="16.3808720"/>
      <trkpt lat="48.2067660" lon="16.3809490"/>
      <trkpt lat="48.2067530" lon="16.3810010"/>
      <trkpt lat="48.2067310" lon="16.3810830"/>
      <trkpt lat="48.2066970" lon="16.3811460"/>
      <trkpt lat="48.2066790" lon="16.3811730"/>
      <trkpt lat="48.2066370" lon="16.3811990"/>
      <trkpt lat="48.2065920" lon="16.3812130"/>
      <trkpt lat="48.2065250" lon="16.3812130"/>
      <trkpt lat="48.2064400" lon="16.3812120"/>
      <trkpt lat="48.2063970" lon="16.3812140"/>
      <trkpt lat="48.2063170" lon="16.3812060"/>
      <trkpt lat="48.2062230" lon="16.3811770"/>
      <trkpt lat="48.2061500" lon="16.3811560"/>
      <trkpt lat="48.2060580" lon="16.3811390"/>
      <trkpt lat="48.2059410" lon="16.3811310"/>
      <trkpt lat="48.2058630" lon="16.3810920"/>
      <trkpt lat="48.2058570" lon="16.3811660"/>
      <trkpt lat="48.2057790" lon="16.3814050"/>
      <trkpt lat="48.2057440" lon="16.3815280"/>
      <trkpt lat="48.2057310" lon="16.3815710"/>
      <trkpt lat="48.2056210" lon="16.3819050"/>
      <trkpt lat="48.2056090" lon="16.3819310"/>
      <trkpt lat="48.2055900" lon="16.3819770"/>
      <trkpt lat="48.2055390" lon="16.3819600"/>
      <trkpt lat="48.2054680" lon="16.3819380"/>
      <trkpt lat="48.2054250" lon="16.3818810"/>
      <trkpt lat="48.2053210" lon="16.3817890"/>
      <trkpt lat="48.2052680" lon="16.3817670"/>
      <trkpt lat="48.2052410" lon="16.3817430"/>
      <trkpt lat="48.2052140" lon="16.3817390"/>
      <trkpt lat="48.2051830" lon="16.3817490"/>
      <trkpt lat="48.2051320" lon="16.3817830"/>
      <trkpt lat="48.2050190" lon="16.3817380"/>
      <trkpt lat="48.2049440" lon="16.3817330"/>
      <trkpt lat="48.2048280" lon="16.3817480"/>
      <trkpt lat="48.2047390" lon="16.3818120"/>
      <trkpt lat="48.2046280" lon="16.3818980"/>
      <trkpt lat="48.2045790" lon="16.3816450"/>
      <trkpt lat="48.2045210" lon="16.3816670"/>
      <trkpt lat="48.2044950" lon="16.3816950"/>
      <trkpt lat="48.2044790" lon="16.3817240"/>
      <trkpt lat="48.2044550" lon="16.3817500"/>
      <trkpt lat="48.2044150" lon="16.3817750"/>
      <trkpt lat="48.2043830" lon="16.3818020"/>
      <trkpt lat="48.2042960" lon="16.3818140"/>
      <trkpt lat="48.2042450" lon="16.3819580"/>
      <trkpt lat="48.2042230" lon="16.3819740"/>
  </trkseg></trk>
  <trk><name>2026-05-02</name><trkseg>
      <trkpt lat="48.2042230" lon="16.3819740"/>
      <trkpt lat="48.2042450" lon="16.3819580"/>
      <trkpt lat="48.2042960" lon="16.3818140"/>
      <trkpt lat="48.2043830" lon="16.3818020"/>
      <trkpt lat="48.2044150" lon="16.3817750"/>
      <trkpt lat="48.2044550" lon="16.3817500"/>
      <trkpt lat="48.2044790" lon="16.3817240"/>
      <trkpt lat="48.2044950" lon="16.3816950"/>
      <trkpt lat="48.2045210" lon="16.3816670"/>
      <trkpt lat="48.2045790" lon="16.3816450"/>
      <trkpt lat="48.2046280" lon="16.3818980"/>
      <trkpt lat="48.2047390" lon="16.3818120"/>
      <trkpt lat="48.2048280" lon="16.3817480"/>
      <trkpt lat="48.2049440" lon="16.3817330"/>
      <trkpt lat="48.2050190" lon="16.3817380"/>
      <trkpt lat="48.2051320" lon="16.3817830"/>
      <trkpt lat="48.2051830" lon="16.3817490"/>
      <trkpt lat="48.2052140" lon="16.3817390"/>
      <trkpt lat="48.2052410" lon="16.3817430"/>
      <trkpt lat="48.2052680" lon="16.3817670"/>
      <trkpt lat="48.2053210" lon="16.3817890"/>
      <trkpt lat="48.2054250" lon="16.3818810"/>
      <trkpt lat="48.2054680" lon="16.3819380"/>
      <trkpt lat="48.2055390" lon="16.3819600"/>
      <trkpt lat="48.2055900" lon="16.3819770"/>
      <trkpt lat="48.2056090" lon="16.3819310"/>
      <trkpt lat="48.2056210" lon="16.3819050"/>
      <trkpt lat="48.2057310" lon="16.3815710"/>
      <trkpt lat="48.2057440" lon="16.3815280"/>
      <trkpt lat="48.2057790" lon="16.3814050"/>
      <trkpt lat="48.2058570" lon="16.3811660"/>
      <trkpt lat="48.2058630" lon="16.3810920"/>
      <trkpt lat="48.2059410" lon="16.3811310"/>
      <trkpt lat="48.2060580" lon="16.3811390"/>
      <trkpt lat="48.2061500" lon="16.3811560"/>
      <trkpt lat="48.2062230" lon="16.3811770"/>
      <trkpt lat="48.2063170" lon="16.3812060"/>
      <trkpt lat="48.2063970" lon="16.3812140"/>
      <trkpt lat="48.2064400" lon="16.3812120"/>
      <trkpt lat="48.2065250" lon="16.3812130"/>
      <trkpt lat="48.2065920" lon="16.3812130"/>
      <trkpt lat="48.2066370" lon="16.3811990"/>
      <trkpt lat="48.2066790" lon="16.3811730"/>
      <trkpt lat="48.2066970" lon="16.3811460"/>
      <trkpt lat="48.2067310" lon="16.3810830"/>
      <trkpt lat="48.2067530" lon="16.3810010"/>
      <trkpt lat="48.2067660" lon="16.3809490"/>
      <trkpt lat="48.2067730" lon="16.3808720"/>
      <trkpt lat="48.2067870" lon="16.3807730"/>
      <trkpt lat="48.2068690" lon="16.3807460"/>
      <trkpt lat="48.2069540" lon="16.3807270"/>
      <trkpt lat="48.2069920" lon="16.3806920"/>
      <trkpt lat="48.2070110" lon="16.3805990"/>
      <trkpt lat="48.2070180" lon="16.3805090"/>
      <trkpt lat="48.2070230" lon="16.3804560"/>
      <trkpt lat="48.2070330" lon="16.3804310"/>
      <trkpt lat="48.2070580" lon="16.3803750"/>
      <trkpt lat="48.2070890" lon="16.3803030"/>
      <trkpt lat="48.2071040" lon="16.3802690"/>
      <trkpt lat="48.2071290" lon="16.3802120"/>
      <trkpt lat="48.2071630" lon="16.3801330"/>
      <trkpt lat="48.2071910" lon="16.3800700"/>
      <trkpt lat="48.2072170" lon="16.3799840"/>
      <trkpt lat="48.2073760" lon="16.3794770"/>
      <trkpt lat="48.2075150" lon="16.3789990"/>
      <trkpt lat="48.2075500" lon="16.3790310"/>
      <trkpt lat="48.2075680" lon="16.3790450"/>
      <trkpt lat="48.2075860" lon="16.3790590"/>
      <trkpt lat="48.2076470" lon="16.3790800"/>
      <trkpt lat="48.2077160" lon="16.3788500"/>
      <trkpt lat="48.2077300" lon="16.3788040"/>
      <trkpt lat="48.2077850" lon="16.3786090"/>
      <trkpt lat="48.2078030" lon="16.3784990"/>
      <trkpt lat="48.2078140" lon="16.3784320"/>
      <trkpt lat="48.2078280" lon="16.3783730"/>
      <trkpt lat="48.2081450" lon="16.3784870"/>
      <trkpt lat="48.2082030" lon="16.3784940"/>
      <trkpt lat="48.2083000" lon="16.3782660"/>
      <trkpt lat="48.2083070" lon="16.3782070"/>
      <trkpt lat="48.2084150" lon="16.3779000"/>
      <trkpt lat="48.2084300" lon="16.3778570"/>
      <trkpt lat="48.2085630" lon="16.3774880"/>
      <trkpt lat="48.2085870" lon="16.3774210"/>
      <trkpt lat="48.2085910" lon="16.3774100"/>
      <trkpt lat="48.2085170" lon="16.3773470"/>
      <trkpt lat="48.2085310" lon="16.3773150"/>
      <trkpt lat="48.2087180" lon="16.3768730"/>
      <trkpt lat="48.2087660" lon="16.3769100"/>
      <trkpt lat="48.2090540" lon="16.3761920"/>
      <trkpt lat="48.2091530" lon="16.3759720"/>
      <trkpt lat="48.2094210" lon="16.3753660"/>
      <trkpt lat="48.2096040" lon="16.3749460"/>
      <trkpt lat="48.2097300" lon="16.3746740"/>
      <trkpt lat="48.2097730" lon="16.3746890"/>
      <trkpt lat="48.2098280" lon="16.3746870"/>
      <trkpt lat="48.2099270" lon="16.3744700"/>
      <trkpt lat="48.2100950" lon="16.3741040"/>
      <trkpt lat="48.2101310" lon="16.3741540"/>
      <trkpt lat="48.2101670" lon="16.3740820"/>
      <trkpt lat="48.2103320" lon="16.3737440"/>
      <trkpt lat="48.2102880" lon="16.3736970"/>
      <trkpt lat="48.2102950" lon="16.3736810"/>
      <trkpt lat="48.2104410" lon="16.3734140"/>
      <trkpt lat="48.2104590" lon="16.3733820"/>
      <trkpt lat="48.2104740" lon="16.3733550"/>
      <trkpt lat="48.2107360" lon="16.3728160"/>
      <trkpt lat="48.2108510" lon="16.3725840"/>
      <trkpt lat="48.2109380" lon="16.3724110"/>
      <trkpt lat="48.2111190" lon="16.3720820"/>
      <trkpt lat="48.2111790" lon="16.3719810"/>
      <trkpt lat="48.2112060" lon="16.3719560"/>
      <trkpt lat="48.2112490" lon="16.3719210"/>
      <trkpt lat="48.2112630" lon="16.3719140"/>
      <trkpt lat="48.2112810" lon="16.3719220"/>
      <trkpt lat="48.2115770" lon="16.3712070"/>
      <trkpt lat="48.2115910" lon="16.3711770"/>
      <trkpt lat="48.2116120" lon="16.3711420"/>
      <trkpt lat="48.2116380" lon="16.3710800"/>
      <trkpt lat="48.2120130" lon="16.3701270"/>
      <trkpt lat="48.2120280" lon="16.3700900"/>
      <trkpt lat="48.2120320" lon="16.3700720"/>
      <trkpt lat="48.2122900" lon="16.3694790"/>
      <trkpt lat="48.2123950" lon="16.3692310"/>
      <trkpt lat="48.2124240" lon="16.3691620"/>
      <trkpt lat="48.2124370" lon="16.3691350"/>
      <trkpt lat="48.2125340" lon="16.3689270"/>
      <trkpt lat="48.2125250" lon="16.3689180"/>
      <trkpt lat="48.2126550" lon="16.3686240"/>
      <trkpt lat="48.2126660" lon="16.3685960"/>
      <trkpt lat="48.2128120" lon="16.3687850"/>
      <trkpt lat="48.2129930" lon="16.3690110"/>
      <trkpt lat="48.2131230" lon="16.3691760"/>
      <trkpt lat="48.2131720" lon="16.3692020"/>
      <trkpt lat="48.2132770" lon="16.3693350"/>
      <trkpt lat="48.2133790" lon="16.3694670"/>
      <trkpt lat="48.2133930" lon="16.3694800"/>
      <trkpt lat="48.2134100" lon="16.3694840"/>
      <trkpt lat="48.2134280" lon="16.3694860"/>
      <trkpt lat="48.2134450" lon="16.3694840"/>
      <trkpt lat="48.2134610" lon="16.3694820"/>
      <trkpt lat="48.2134770" lon="16.3694760"/>
      <trkpt lat="48.2134910" lon="16.3694680"/>
      <trkpt lat="48.2135130" lon="16.3694530"/>
      <trkpt lat="48.2138780" lon="16.3690670"/>
      <trkpt lat="48.2142820" lon="16.3686590"/>
      <trkpt lat="48.2143380" lon="16.3685990"/>
      <trkpt lat="48.2143760" lon="16.3685610"/>
      <trkpt lat="48.2148420" lon="16.3680740"/>
      <trkpt lat="48.2148870" lon="16.3680210"/>
      <trkpt lat="48.2149410" lon="16.3679680"/>
      <trkpt lat="48.2157850" lon="16.3671040"/>
      <trkpt lat="48.2157680" lon="16.3670870"/>
      <trkpt lat="48.2157340" lon="16.3670080"/>
      <trkpt lat="48.2157890" lon="16.3669550"/>
      <trkpt lat="48.2158410" lon="16.3669050"/>
      <trkpt lat="48.2158950" lon="16.3668530"/>
      <trkpt lat="48.2159330" lon="16.3668140"/>
      <trkpt lat="48.2159800" lon="16.3667710"/>
      <trkpt lat="48.2160340" lon="16.3667210"/>
      <trkpt lat="48.2160620" lon="16.3666940"/>
      <trkpt lat="48.2160880" lon="16.3666700"/>
      <trkpt lat="48.2161380" lon="16.3666210"/>
      <trkpt lat="48.2161130" lon="16.3665670"/>
      <trkpt lat="48.2161050" lon="16.3665510"/>
      <trkpt lat="48.2161010" lon="16.3665430"/>
      <trkpt lat="48.2160960" lon="16.3665310"/>
      <trkpt lat="48.2160810" lon="16.3665010"/>
      <trkpt lat="48.2164400" lon="16.3661150"/>
      <trkpt lat="48.2164820" lon="16.3660580"/>
      <trkpt lat="48.2165280" lon="16.3660100"/>
      <trkpt lat="48.2165540" lon="16.3659820"/>
      <trkpt lat="48.2166550" lon="16.3658720"/>
      <trkpt lat="48.2169910" lon="16.3655070"/>
      <trkpt lat="48.2170270" lon="16.3654690"/>
      <trkpt lat="48.2170550" lon="16.3654400"/>
      <trkpt lat="48.2170700" lon="16.3654240"/>
      <trkpt lat="48.2170880" lon="16.3654060"/>
      <trkpt lat="48.2171120" lon="16.3653840"/>
      <trkpt lat="48.2172130" lon="16.3652840"/>
      <trkpt lat="48.2172170" lon="16.3652730"/>
      <trkpt lat="48.2172280" lon="16.3652510"/>
      <trkpt lat="48.2172380" lon="16.3652310"/>
      <trkpt lat="48.2176420" lon="16.3648300"/>
      <trkpt lat="48.2176930" lon="16.3647990"/>
      <trkpt lat="48.2177430" lon="16.3647690"/>
      <trkpt lat="48.2178750" lon="16.3646880"/>
      <trkpt lat="48.2180110" lon="16.3646560"/>
      <trkpt lat="48.2180820" lon="16.3646540"/>
      <trkpt lat="48.2184510" lon="16.3644060"/>
      <trkpt lat="48.2187480" lon="16.3641940"/>
      <trkpt lat="48.2187760" lon="16.3641790"/>
      <trkpt lat="48.2188330" lon="16.3640560"/>
      <trkpt lat="48.2188510" lon="16.3640260"/>
      <trkpt lat="48.2188950" lon="16.3639550"/>
      <trkpt lat="48.2188780" lon="16.3638820"/>
      <trkpt lat="48.2189030" lon="16.3637610"/>
      <trkpt lat="48.2191260" lon="16.3630500"/>
      <trkpt lat="48.2191330" lon="16.3630340"/>
      <trkpt lat="48.2193410" lon="16.3625410"/>
      <trkpt lat="48.2195580" lon="16.3620490"/>
      <trkpt lat="48.2196110" lon="16.3619580"/>
      <trkpt lat="48.2198540" lon="16.3616120"/>
      <trkpt lat="48.2200800" lon="16.3613550"/>
      <trkpt lat="48.2207580" lon="16.3606400"/>
      <trkpt lat="48.2208560" lon="16.3605360"/>
      <trkpt lat="48.2208250" lon="16.3604250"/>
      <trkpt lat="48.2208990" lon="16.3603560"/>
      <trkpt lat="48.2209370" lon="16.3603210"/>
      <trkpt lat="48.2209880" lon="16.3602750"/>
      <trkpt lat="48.2209790" lon="16.3602540"/>
      <trkpt lat="48.2211150" lon="16.3601060"/>
      <trkpt lat="48.2213250" lon="16.3598230"/>
      <trkpt lat="48.2213290" lon="16.3597960"/>
      <trkpt lat="48.2213380" lon="16.3597710"/>
      <trkpt lat="48.2213520" lon="16.3597510"/>
      <trkpt lat="48.2213680" lon="16.3597380"/>
      <trkpt lat="48.2213870" lon="16.3597330"/>
      <trkpt lat="48.2214060" lon="16.3597360"/>
      <trkpt lat="48.2216960" lon="16.3594540"/>
      <trkpt lat="48.2217760" lon="16.3594300"/>
      <trkpt lat="48.2217640" lon="16.3592760"/>
      <trkpt lat="48.2218830" lon="16.3591600"/>
      <trkpt lat="48.2219580" lon="16.3590830"/>
      <trkpt lat="48.2222660" lon="16.3587720"/>
      <trkpt lat="48.2228390" lon="16.3582450"/>
      <trkpt lat="48.2231100" lon="16.3579850"/>
      <trkpt lat="48.2231390" lon="16.3579580"/>
      <trkpt lat="48.2231690" lon="16.3579350"/>
      <trkpt lat="48.2232060" lon="16.3579120"/>
      <trkpt lat="48.2235510" lon="16.3577300"/>
      <trkpt lat="48.2242280" lon="16.3573760"/>
      <trkpt lat="48.2243460" lon="16.3573180"/>
      <trkpt lat="48.2247060" lon="16.3571520"/>
      <trkpt lat="48.2247580" lon="16.3571250"/>
      <trkpt lat="48.2247640" lon="16.3570250"/>
      <trkpt lat="48.2247660" lon="16.3570020"/>
      <trkpt lat="48.2247740" lon="16.3569400"/>
      <trkpt lat="48.2247790" lon="16.3568960"/>
      <trkpt lat="48.2248120" lon="16.3567760"/>
      <trkpt lat="48.2248280" lon="16.3566910"/>
      <trkpt lat="48.2248350" lon="16.3564910"/>
      <trkpt lat="48.2248350" lon="16.3564910"/>
      <trkpt lat="48.2248280" lon="16.3566910"/>
      <trkpt lat="48.2248120" lon="16.3567760"/>
      <trkpt lat="48.2247790" lon="16.3568960"/>
      <trkpt lat="48.2247740" lon="16.3569400"/>
      <trkpt lat="48.2247660" lon="16.3570020"/>
      <trkpt lat="48.2247640" lon="16.3570250"/>
      <trkpt lat="48.2247580" lon="16.3571250"/>
      <trkpt lat="48.2247060" lon="16.3571520"/>
      <trkpt lat="48.2243460" lon="16.3573180"/>
      <trkpt lat="48.2242280" lon="16.3573760"/>
      <trkpt lat="48.2235510" lon="16.3577300"/>
      <trkpt lat="48.2232060" lon="16.3579120"/>
      <trkpt lat="48.2231690" lon="16.3579350"/>
      <trkpt lat="48.2231390" lon="16.3579580"/>
      <trkpt lat="48.2231100" lon="16.3579850"/>
      <trkpt lat="48.2228390" lon="16.3582450"/>
      <trkpt lat="48.2222660" lon="16.3587720"/>
      <trkpt lat="48.2219580" lon="16.3590830"/>
      <trkpt lat="48.2218830" lon="16.3591600"/>
      <trkpt lat="48.2217640" lon="16.3592760"/>
      <trkpt lat="48.2217760" lon="16.3594300"/>
      <trkpt lat="48.2216960" lon="16.3594540"/>
      <trkpt lat="48.2214060" lon="16.3597360"/>
      <trkpt lat="48.2213870" lon="16.3597330"/>
      <trkpt lat="48.2213680" lon="16.3597380"/>
      <trkpt lat="48.2213520" lon="16.3597510"/>
      <trkpt lat="48.2213380" lon="16.3597710"/>
      <trkpt lat="48.2213290" lon="16.3597960"/>
      <trkpt lat="48.2213250" lon="16.3598230"/>
      <trkpt lat="48.2211150" lon="16.3601060"/>
      <trkpt lat="48.2209790" lon="16.3602540"/>
      <trkpt lat="48.2209880" lon="16.3602750"/>
      <trkpt lat="48.2209370" lon="16.3603210"/>
      <trkpt lat="48.2208990" lon="16.3603560"/>
      <trkpt lat="48.2208250" lon="16.3604250"/>
      <trkpt lat="48.2208560" lon="16.3605360"/>
      <trkpt lat="48.2207580" lon="16.3606400"/>
      <trkpt lat="48.2200800" lon="16.3613550"/>
      <trkpt lat="48.2198540" lon="16.3616120"/>
      <trkpt lat="48.2196110" lon="16.3619580"/>
      <trkpt lat="48.2195580" lon="16.3620490"/>
      <trkpt lat="48.2193410" lon="16.3625410"/>
      <trkpt lat="48.2191330" lon="16.3630340"/>
      <trkpt lat="48.2191260" lon="16.3630500"/>
      <trkpt lat="48.2189030" lon="16.3637610"/>
      <trkpt lat="48.2188780" lon="16.3638820"/>
      <trkpt lat="48.2188950" lon="16.3639550"/>
      <trkpt lat="48.2188510" lon="16.3640260"/>
      <trkpt lat="48.2188330" lon="16.3640560"/>
      <trkpt lat="48.2187760" lon="16.3641790"/>
      <trkpt lat="48.2187480" lon="16.3641940"/>
      <trkpt lat="48.2184510" lon="16.3644060"/>
      <trkpt lat="48.2180820" lon="16.3646540"/>
      <trkpt lat="48.2180110" lon="16.3646560"/>
      <trkpt lat="48.2178750" lon="16.3646880"/>
      <trkpt lat="48.2177430" lon="16.3647690"/>
      <trkpt lat="48.2176930" lon="16.3647990"/>
      <trkpt lat="48.2176420" lon="16.3648300"/>
      <trkpt lat="48.2172380" lon="16.3652310"/>
      <trkpt lat="48.2172280" lon="16.3652510"/>
      <trkpt lat="48.2172170" lon="16.3652730"/>
      <trkpt lat="48.2172130" lon="16.3652840"/>
      <trkpt lat="48.2171120" lon="16.3653840"/>
      <trkpt lat="48.2170880" lon="16.3654060"/>
      <trkpt lat="48.2170700" lon="16.3654240"/>
      <trkpt lat="48.2170550" lon="16.3654400"/>
      <trkpt lat="48.2170270" lon="16.3654690"/>
      <trkpt lat="48.2169910" lon="16.3655070"/>
      <trkpt lat="48.2166550" lon="16.3658720"/>
      <trkpt lat="48.2165540" lon="16.3659820"/>
      <trkpt lat="48.2165280" lon="16.3660100"/>
      <trkpt lat="48.2164820" lon="16.3660580"/>
      <trkpt lat="48.2164400" lon="16.3661150"/>
      <trkpt lat="48.2160810" lon="16.3665010"/>
      <trkpt lat="48.2160960" lon="16.3665310"/>
      <trkpt lat="48.2161010" lon="16.3665430"/>
      <trkpt lat="48.2161050" lon="16.3665510"/>
      <trkpt lat="48.2161130" lon="16.3665670"/>
      <trkpt lat="48.2161380" lon="16.3666210"/>
      <trkpt lat="48.2160880" lon="16.3666700"/>
      <trkpt lat="48.2160620" lon="16.3666940"/>
      <trkpt lat="48.2160340" lon="16.3667210"/>
      <trkpt lat="48.2159800" lon="16.3667710"/>
      <trkpt lat="48.2159330" lon="16.3668140"/>
      <trkpt lat="48.2158950" lon="16.3668530"/>
      <trkpt lat="48.2158410" lon="16.3669050"/>
      <trkpt lat="48.2157890" lon="16.3669550"/>
      <trkpt lat="48.2157340" lon="16.3670080"/>
      <trkpt lat="48.2157680" lon="16.3670870"/>
      <trkpt lat="48.2157850" lon="16.3671040"/>
      <trkpt lat="48.2149410" lon="16.3679680"/>
      <trkpt lat="48.2148870" lon="16.3680210"/>
      <trkpt lat="48.2148420" lon="16.3680740"/>
      <trkpt lat="48.2143760" lon="16.3685610"/>
      <trkpt lat="48.2143380" lon="16.3685990"/>
      <trkpt lat="48.2142820" lon="16.3686590"/>
      <trkpt lat="48.2138780" lon="16.3690670"/>
      <trkpt lat="48.2135130" lon="16.3694530"/>
      <trkpt lat="48.2134910" lon="16.3694680"/>
      <trkpt lat="48.2134770" lon="16.3694760"/>
      <trkpt lat="48.2134610" lon="16.3694820"/>
      <trkpt lat="48.2134450" lon="16.3694840"/>
      <trkpt lat="48.2134280" lon="16.3694860"/>
      <trkpt lat="48.2134100" lon="16.3694840"/>
      <trkpt lat="48.2133930" lon="16.3694800"/>
      <trkpt lat="48.2133790" lon="16.3694670"/>
      <trkpt lat="48.2132770" lon="16.3693350"/>
      <trkpt lat="48.2131720" lon="16.3692020"/>
      <trkpt lat="48.2131230" lon="16.3691760"/>
      <trkpt lat="48.2129930" lon="16.3690110"/>
      <trkpt lat="48.2128120" lon="16.3687850"/>
      <trkpt lat="48.2126660" lon="16.3685960"/>
      <trkpt lat="48.2126550" lon="16.3686240"/>
      <trkpt lat="48.2125250" lon="16.3689180"/>
      <trkpt lat="48.2125340" lon="16.3689270"/>
      <trkpt lat="48.2124370" lon="16.3691350"/>
      <trkpt lat="48.2124240" lon="16.3691620"/>
      <trkpt lat="48.2123950" lon="16.3692310"/>
      <trkpt lat="48.2122900" lon="16.3694790"/>
      <trkpt lat="48.2120320" lon="16.3700720"/>
      <trkpt lat="48.2120280" lon="16.3700900"/>
      <trkpt lat="48.2120130" lon="16.3701270"/>
      <trkpt lat="48.2116380" lon="16.3710800"/>
      <trkpt lat="48.2116120" lon="16.3711420"/>
      <trkpt lat="48.2115910" lon="16.3711770"/>
      <trkpt lat="48.2115770" lon="16.3712070"/>
      <trkpt lat="48.2112810" lon="16.3719220"/>
      <trkpt lat="48.2112630" lon="16.3719140"/>
      <trkpt lat="48.2112490" lon="16.3719210"/>
      <trkpt lat="48.2112060" lon="16.3719560"/>
      <trkpt lat="48.2111790" lon="16.3719810"/>
      <trkpt lat="48.2111190" lon="16.3720820"/>
      <trkpt lat="48.2109380" lon="16.3724110"/>
      <trkpt lat="48.2108510" lon="16.3725840"/>
      <trkpt lat="48.2107360" lon="16.3728160"/>
      <trkpt lat="48.2104740" lon="16.3733550"/>
      <trkpt lat="48.2104590" lon="16.3733820"/>
      <trkpt lat="48.2104410" lon="16.3734140"/>
      <trkpt lat="48.2102950" lon="16.3736810"/>
      <trkpt lat="48.2102880" lon="16.3736970"/>
      <trkpt lat="48.2103320" lon="16.3737440"/>
      <trkpt lat="48.2101670" lon="16.3740820"/>
      <trkpt lat="48.2101310" lon="16.3741540"/>
      <trkpt lat="48.2100950" lon="16.3741040"/>
      <trkpt lat="48.2099270" lon="16.3744700"/>
      <trkpt lat="48.2098280" lon="16.3746870"/>
      <trkpt lat="48.2097730" lon="16.3746890"/>
      <trkpt lat="48.2097300" lon="16.3746740"/>
      <trkpt lat="48.2096040" lon="16.3749460"/>
      <trkpt lat="48.2094210" lon="16.3753660"/>
      <trkpt lat="48.2091530" lon="16.3759720"/>
      <trkpt lat="48.2090540" lon="16.3761920"/>
      <trkpt lat="48.2087660" lon="16.3769100"/>
      <trkpt lat="48.2087180" lon="16.3768730"/>
      <trkpt lat="48.2085310" lon="16.3773150"/>
      <trkpt lat="48.2085170" lon="16.3773470"/>
      <trkpt lat="48.2085910" lon="16.3774100"/>
      <trkpt lat="48.2085870" lon="16.3774210"/>
      <trkpt lat="48.2085630" lon="16.3774880"/>
      <trkpt lat="48.2084300" lon="16.3778570"/>
      <trkpt lat="48.2084150" lon="16.3779000"/>
      <trkpt lat="48.2083070" lon="16.3782070"/>
      <trkpt lat="48.2083000" lon="16.3782660"/>
      <trkpt lat="48.2082030" lon="16.3784940"/>
      <trkpt lat="48.2081450" lon="16.3784870"/>
      <trkpt lat="48.2078280" lon="16.3783730"/>
      <trkpt lat="48.2078140" lon="16.3784320"/>
      <trkpt lat="48.2078030" lon="16.3784990"/>
      <trkpt lat="48.2077850" lon="16.3786090"/>
      <trkpt lat="48.2077300" lon="16.3788040"/>
      <trkpt lat="48.2077160" lon="16.3788500"/>
      <trkpt lat="48.2076470" lon="16.3790800"/>
      <trkpt lat="48.2075860" lon="16.3790590"/>
      <trkpt lat="48.2075680" lon="16.3790450"/>
      <trkpt lat="48.2075500" lon="16.3790310"/>
      <trkpt lat="48.2075150" lon="16.3789990"/>
      <trkpt lat="48.2073760" lon="16.3794770"/>
      <trkpt lat="48.2072170" lon="16.3799840"/>
      <trkpt lat="48.2071910" lon="16.3800700"/>
      <trkpt lat="48.2071630" lon="16.3801330"/>
      <trkpt lat="48.2071290" lon="16.3802120"/>
      <trkpt lat="48.2071040" lon="16.3802690"/>
      <trkpt lat="48.2070890" lon="16.3803030"/>
      <trkpt lat="48.2070580" lon="16.3803750"/>
      <trkpt lat="48.2070330" lon="16.3804310"/>
      <trkpt lat="48.2070230" lon="16.3804560"/>
      <trkpt lat="48.2070180" lon="16.3805090"/>
      <trkpt lat="48.2070110" lon="16.3805990"/>
      <trkpt lat="48.2069920" lon="16.3806920"/>
      <trkpt lat="48.2069540" lon="16.3807270"/>
      <trkpt lat="48.2068690" lon="16.3807460"/>
      <trkpt lat="48.2067870" lon="16.3807730"/>
      <trkpt lat="48.2067730" lon="16.3808720"/>
      <trkpt lat="48.2067660" lon="16.3809490"/>
      <trkpt lat="48.2067530" lon="16.3810010"/>
      <trkpt lat="48.2067310" lon="16.3810830"/>
      <trkpt lat="48.2066970" lon="16.3811460"/>
      <trkpt lat="48.2066790" lon="16.3811730"/>
      <trkpt lat="48.2066370" lon="16.3811990"/>
      <trkpt lat="48.2065920" lon="16.3812130"/>
      <trkpt lat="48.2065250" lon="16.3812130"/>
      <trkpt lat="48.2064400" lon="16.3812120"/>
      <trkpt lat="48.2063970" lon="16.3812140"/>
      <trkpt lat="48.2063170" lon="16.3812060"/>
      <trkpt lat="48.2062230" lon="16.3811770"/>
      <trkpt lat="48.2061500" lon="16.3811560"/>
      <trkpt lat="48.2060580" lon="16.3811390"/>
      <trkpt lat="48.2059410" lon="16.3811310"/>
      <trkpt lat="48.2058630" lon="16.3810920"/>
      <trkpt lat="48.2058570" lon="16.3811660"/>
      <trkpt lat="48.2057790" lon="16.3814050"/>
      <trkpt lat="48.2057440" lon="16.3815280"/>
      <trkpt lat="48.2057310" lon="16.3815710"/>
      <trkpt lat="48.2056210" lon="16.3819050"/>
      <trkpt lat="48.2056090" lon="16.3819310"/>
      <trkpt lat="48.2055900" lon="16.3819770"/>
      <trkpt lat="48.2055390" lon="16.3819600"/>
      <trkpt lat="48.2054680" lon="16.3819380"/>
      <trkpt lat="48.2054250" lon="16.3818810"/>
      <trkpt lat="48.2053210" lon="16.3817890"/>
      <trkpt lat="48.2052680" lon="16.3817670"/>
      <trkpt lat="48.2052410" lon="16.3817430"/>
      <trkpt lat="48.2052140" lon="16.3817390"/>
      <trkpt lat="48.2051830" lon="16.3817490"/>
      <trkpt lat="48.2051320" lon="16.3817830"/>
      <trkpt lat="48.2050190" lon="16.3817380"/>
      <trkpt lat="48.2049440" lon="16.3817330"/>
      <trkpt lat="48.2048280" lon="16.3817480"/>
      <trkpt lat="48.2047390" lon="16.3818120"/>
      <trkpt lat="48.2046280" lon="16.3818980"/>
      <trkpt lat="48.2045790" lon="16.3816450"/>
      <trkpt lat="48.2045210" lon="16.3816670"/>
      <trkpt lat="48.2044950" lon="16.3816950"/>
      <trkpt lat="48.2044790" lon="16.3817240"/>
      <trkpt lat="48.2044550" lon="16.3817500"/>
      <trkpt lat="48.2044150" lon="16.3817750"/>
      <trkpt lat="48.2043830" lon="16.3818020"/>
      <trkpt lat="48.2042960" lon="16.3818140"/>
      <trkpt lat="48.2042450" lon="16.3819580"/>
      <trkpt lat="48.2042230" lon="16.3819740"/>
  </trkseg></trk>
  <trk><name>2026-05-03</name><trkseg>
      <trkpt lat="48.2042230" lon="16.3819740"/>
      <trkpt lat="48.2042450" lon="16.3819580"/>
      <trkpt lat="48.2042960" lon="16.3818140"/>
      <trkpt lat="48.2041970" lon="16.3814560"/>
      <trkpt lat="48.2041430" lon="16.3812580"/>
      <trkpt lat="48.2039460" lon="16.3809700"/>
      <trkpt lat="48.2038000" lon="16.3806980"/>
      <trkpt lat="48.2038740" lon="16.3805880"/>
      <trkpt lat="48.2041530" lon="16.3802300"/>
      <trkpt lat="48.2041650" lon="16.3802070"/>
      <trkpt lat="48.2041990" lon="16.3801430"/>
      <trkpt lat="48.2040420" lon="16.3799720"/>
      <trkpt lat="48.2040450" lon="16.3799460"/>
      <trkpt lat="48.2040410" lon="16.3799160"/>
      <trkpt lat="48.2040340" lon="16.3798810"/>
      <trkpt lat="48.2040060" lon="16.3798190"/>
      <trkpt lat="48.2039730" lon="16.3797600"/>
      <trkpt lat="48.2039480" lon="16.3796920"/>
      <trkpt lat="48.2039200" lon="16.3796070"/>
      <trkpt lat="48.2039120" lon="16.3795500"/>
      <trkpt lat="48.2039060" lon="16.3794870"/>
      <trkpt lat="48.2039040" lon="16.3794250"/>
      <trkpt lat="48.2039070" lon="16.3793470"/>
      <trkpt lat="48.2039060" lon="16.3792070"/>
      <trkpt lat="48.2039030" lon="16.3791020"/>
      <trkpt lat="48.2039050" lon="16.3790430"/>
      <trkpt lat="48.2039090" lon="16.3789910"/>
      <trkpt lat="48.2039770" lon="16.3788690"/>
      <trkpt lat="48.2041040" lon="16.3786160"/>
      <trkpt lat="48.2041440" lon="16.3785330"/>
      <trkpt lat="48.2041590" lon="16.3783840"/>
      <trkpt lat="48.2041870" lon="16.3782370"/>
      <trkpt lat="48.2042730" lon="16.3780520"/>
      <trkpt lat="48.2043000" lon="16.3780130"/>
      <trkpt lat="48.2043150" lon="16.3779810"/>
      <trkpt lat="48.2043530" lon="16.3778960"/>
      <trkpt lat="48.2043870" lon="16.3778230"/>
      <trkpt lat="48.2043510" lon="16.3777830"/>
      <trkpt lat="48.2043790" lon="16.3777200"/>
      <trkpt lat="48.2044030" lon="16.3776600"/>
      <trkpt lat="48.2044340" lon="16.3775860"/>
      <trkpt lat="48.2044630" lon="16.3775140"/>
      <trkpt lat="48.2045040" lon="16.3774260"/>
      <trkpt lat="48.2045330" lon="16.3773520"/>
      <trkpt lat="48.2042350" lon="16.3770500"/>
      <trkpt lat="48.2040690" lon="16.3768840"/>
      <trkpt lat="48.2040240" lon="16.3768390"/>
      <trkpt lat="48.2035120" lon="16.3763160"/>
      <trkpt lat="48.2034650" lon="16.3762680"/>
      <trkpt lat="48.2034010" lon="16.3761980"/>
      <trkpt lat="48.2029360" lon="16.3757430"/>
      <trkpt lat="48.2019930" lon="16.3747690"/>
      <trkpt lat="48.2019530" lon="16.3746780"/>
      <trkpt lat="48.2018750" lon="16.3743840"/>
      <trkpt lat="48.2018100" lon="16.3741440"/>
      <trkpt lat="48.2017840" lon="16.3740410"/>
      <trkpt lat="48.2017350" lon="16.3738480"/>
      <trkpt lat="48.2016950" lon="16.3736560"/>
      <trkpt lat="48.2016970" lon="16.3735250"/>
      <trkpt lat="48.2021140" lon="16.3716680"/>
      <trkpt lat="48.2021290" lon="16.3716030"/>
      <trkpt lat="48.2021490" lon="16.3715120"/>
      <trkpt lat="48.2024050" lon="16.3703810"/>
      <trkpt lat="48.2024130" lon="16.3703850"/>
      <trkpt lat="48.2024710" lon="16.3701290"/>
      <trkpt lat="48.2024620" lon="16.3701250"/>
      <trkpt lat="48.2025060" lon="16.3699440"/>
      <trkpt lat="48.2025200" lon="16.3699260"/>
      <trkpt lat="48.2024870" lon="16.3698900"/>
      <trkpt lat="48.2024560" lon="16.3698460"/>
      <trkpt lat="48.2024690" lon="16.3697570"/>
      <trkpt lat="48.2024840" lon="16.3696050"/>
      <trkpt lat="48.2024910" lon="16.3695400"/>
      <trkpt lat="48.2025130" lon="16.3695130"/>
      <trkpt lat="48.2025350" lon="16.3694520"/>
      <trkpt lat="48.2025660" lon="16.3693360"/>
      <trkpt lat="48.2025900" lon="16.3692270"/>
      <trkpt lat="48.2026070" lon="16.3690800"/>
      <trkpt lat="48.2027260" lon="16.3685650"/>
      <trkpt lat="48.2027640" lon="16.3684750"/>
      <trkpt lat="48.2027820" lon="16.3684270"/>
      <trkpt lat="48.2028100" lon="16.3683160"/>
      <trkpt lat="48.2028150" lon="16.3682980"/>
      <trkpt lat="48.2028330" lon="16.3682300"/>
      <trkpt lat="48.2028540" lon="16.3682390"/>
      <trkpt lat="48.2028670" lon="16.3682460"/>
      <trkpt lat="48.2028740" lon="16.3682480"/>
      <trkpt lat="48.2028860" lon="16.3682170"/>
      <trkpt lat="48.2029120" lon="16.3682310"/>
      <trkpt lat="48.2029870" lon="16.3682710"/>
      <trkpt lat="48.2031930" lon="16.3683760"/>
      <trkpt lat="48.2032170" lon="16.3684010"/>
      <trkpt lat="48.2032440" lon="16.3685130"/>
      <trkpt lat="48.2032560" lon="16.3685340"/>
      <trkpt lat="48.2033070" lon="16.3685590"/>
      <trkpt lat="48.2034160" lon="16.3686140"/>
      <trkpt lat="48.2031200" lon="16.3699720"/>
      <trkpt lat="48.2029910" lon="16.3699100"/>
      <trkpt lat="48.2029360" lon="16.3698460"/>
      <trkpt lat="48.2027770" lon="16.3697610"/>
      <trkpt lat="48.2027170" lon="16.3697290"/>
      <trkpt lat="48.2025960" lon="16.3696890"/>
      <trkpt lat="48.2025460" lon="16.3696600"/>
      <trkpt lat="48.2024840" lon="16.3696050"/>
      <trkpt lat="48.2024610" lon="16.3695630"/>
      <trkpt lat="48.2024470" lon="16.3695180"/>
      <trkpt lat="48.2024410" lon="16.3694990"/>
      <trkpt lat="48.2024350" lon="16.3694520"/>
      <trkpt lat="48.2024320" lon="16.3693860"/>
      <trkpt lat="48.2024340" lon="16.3693120"/>
      <trkpt lat="48.2024410" lon="16.3692810"/>
      <trkpt lat="48.2025100" lon="16.3689670"/>
      <trkpt lat="48.2025640" lon="16.3687200"/>
      <trkpt lat="48.2026320" lon="16.3684100"/>
      <trkpt lat="48.2026600" lon="16.3682830"/>
      <trkpt lat="48.2026710" lon="16.3682320"/>
      <trkpt lat="48.2026900" lon="16.3681440"/>
      <trkpt lat="48.2027010" lon="16.3680950"/>
      <trkpt lat="48.2027220" lon="16.3679860"/>
      <trkpt lat="48.2027440" lon="16.3678700"/>
      <trkpt lat="48.2027910" lon="16.3676340"/>
      <trkpt lat="48.2035030" lon="16.3644500"/>
      <trkpt lat="48.2035370" lon="16.3643370"/>
      <trkpt lat="48.2035810" lon="16.3642310"/>
      <trkpt lat="48.2037040" lon="16.3640540"/>
      <trkpt lat="48.2038220" lon="16.3638870"/>
      <trkpt lat="48.2038680" lon="16.3638180"/>
      <trkpt lat="48.2039360" lon="16.3637180"/>
      <trkpt lat="48.2040040" lon="16.3636270"/>
      <trkpt lat="48.2051010" lon="16.3621680"/>
      <trkpt lat="48.2051420" lon="16.3621140"/>
      <trkpt lat="48.2052270" lon="16.3620040"/>
      <trkpt lat="48.2051950" lon="16.3619520"/>
      <trkpt lat="48.2051660" lon="16.3619040"/>
      <trkpt lat="48.2051040" lon="16.3618090"/>
      <trkpt lat="48.2050300" lon="16.3619050"/>
      <trkpt lat="48.2047070" lon="16.3623350"/>
      <trkpt lat="48.2044390" lon="16.3627010"/>
      <trkpt lat="48.2043400" lon="16.3627910"/>
      <trkpt lat="48.2043140" lon="16.3627440"/>
      <trkpt lat="48.2042730" lon="16.3626780"/>
      <trkpt lat="48.2042460" lon="16.3626360"/>
      <trkpt lat="48.2042240" lon="16.3625990"/>
      <trkpt lat="48.2041240" lon="16.3624340"/>
      <trkpt lat="48.2038640" lon="16.3619870"/>
      <trkpt lat="48.2038640" lon="16.3619870"/>
      <trkpt lat="48.2041240" lon="16.3624340"/>
      <trkpt lat="48.2042240" lon="16.3625990"/>
      <trkpt lat="48.2042460" lon="16.3626360"/>
      <trkpt lat="48.2042730" lon="16.3626780"/>
      <trkpt lat="48.2043140" lon="16.3627440"/>
      <trkpt lat="48.2043400" lon="16.3627910"/>
      <trkpt lat="48.2039140" lon="16.3633600"/>
      <trkpt lat="48.2038780" lon="16.3634090"/>
      <trkpt lat="48.2038210" lon="16.3635160"/>
      <trkpt lat="48.2037220" lon="16.3633500"/>
      <trkpt lat="48.2036100" lon="16.3631630"/>
      <trkpt lat="48.2034050" lon="16.3628190"/>
      <trkpt lat="48.2033700" lon="16.3627600"/>
      <trkpt lat="48.2033250" lon="16.3626840"/>
      <trkpt lat="48.2030350" lon="16.3621980"/>
      <trkpt lat="48.2029730" lon="16.3620930"/>
      <trkpt lat="48.2027040" lon="16.3616330"/>
      <trkpt lat="48.2026600" lon="16.3615580"/>
      <trkpt lat="48.2026470" lon="16.3615380"/>
      <trkpt lat="48.2026330" lon="16.3615160"/>
      <trkpt lat="48.2026050" lon="16.3614740"/>
      <trkpt lat="48.2026440" lon="16.3614220"/>
      <trkpt lat="48.2026560" lon="16.3614060"/>
      <trkpt lat="48.2026980" lon="16.3613460"/>
      <trkpt lat="48.2029220" lon="16.3610360"/>
      <trkpt lat="48.2034880" lon="16.3602820"/>
      <trkpt lat="48.2038910" lon="16.3597480"/>
      <trkpt lat="48.2042960" lon="16.3591990"/>
      <trkpt lat="48.2043480" lon="16.3591280"/>
      <trkpt lat="48.2050570" lon="16.3581720"/>
      <trkpt lat="48.2050850" lon="16.3581350"/>
      <trkpt lat="48.2051360" lon="16.3580740"/>
      <trkpt lat="48.2051710" lon="16.3580250"/>
      <trkpt lat="48.2051820" lon="16.3580090"/>
      <trkpt lat="48.2051920" lon="16.3579940"/>
      <trkpt lat="48.2052330" lon="16.3579350"/>
      <trkpt lat="48.2052680" lon="16.3578840"/>
      <trkpt lat="48.2055130" lon="16.3575540"/>
      <trkpt lat="48.2055460" lon="16.3574150"/>
      <trkpt lat="48.2055930" lon="16.3572140"/>
      <trkpt lat="48.2055840" lon="16.3571190"/>
      <trkpt lat="48.2055790" lon="16.3570680"/>
      <trkpt lat="48.2055450" lon="16.3566770"/>
      <trkpt lat="48.2055060" lon="16.3562910"/>
      <trkpt lat="48.2054960" lon="16.3561840"/>
      <trkpt lat="48.2054330" lon="16.3549100"/>
      <trkpt lat="48.2054110" lon="16.3544090"/>
      <trkpt lat="48.2054020" lon="16.3542300"/>
      <trkpt lat="48.2053600" lon="16.3532050"/>
      <trkpt lat="48.2053580" lon="16.3531660"/>
      <trkpt lat="48.2053550" lon="16.3531110"/>
      <trkpt lat="48.2053360" lon="16.3527100"/>
      <trkpt lat="48.2053180" lon="16.3523640"/>
      <trkpt lat="48.2053120" lon="16.3522420"/>
      <trkpt lat="48.2052860" lon="16.3518570"/>
      <trkpt lat="48.2052740" lon="16.3516220"/>
      <trkpt lat="48.2052780" lon="16.3515320"/>
      <trkpt lat="48.2052780" lon="16.3514350"/>
      <trkpt lat="48.2052960" lon="16.3511600"/>
      <trkpt lat="48.2052980" lon="16.3511270"/>
      <trkpt lat="48.2053870" lon="16.3497240"/>
      <trkpt lat="48.2054240" lon="16.3492060"/>
      <trkpt lat="48.2054320" lon="16.3491130"/>
      <trkpt lat="48.2054390" lon="16.3490290"/>
      <trkpt lat="48.2054870" lon="16.3483920"/>
      <trkpt lat="48.2055430" lon="16.3476290"/>
      <trkpt lat="48.2056940" lon="16.3450360"/>
      <trkpt lat="48.2056980" lon="16.3449440"/>
      <trkpt lat="48.2057030" lon="16.3448580"/>
      <trkpt lat="48.2057090" lon="16.3447640"/>
      <trkpt lat="48.2058150" lon="16.3431980"/>
      <trkpt lat="48.2058220" lon="16.3431010"/>
      <trkpt lat="48.2058270" lon="16.3430140"/>
      <trkpt lat="48.2059310" lon="16.3414810"/>
      <trkpt lat="48.2059360" lon="16.3414060"/>
      <trkpt lat="48.2060390" lon="16.3398130"/>
      <trkpt lat="48.2060440" lon="16.3397380"/>
      <trkpt lat="48.2060450" lon="16.3397180"/>
      <trkpt lat="48.2059810" lon="16.3397280"/>
      <trkpt lat="48.2058460" lon="16.3397550"/>
      <trkpt lat="48.2053790" lon="16.3398400"/>
      <trkpt lat="48.2049220" lon="16.3399190"/>
      <trkpt lat="48.2047000" lon="16.3399660"/>
      <trkpt lat="48.2043930" lon="16.3400330"/>
      <trkpt lat="48.2043260" lon="16.3400450"/>
      <trkpt lat="48.2042630" lon="16.3400570"/>
      <trkpt lat="48.2041540" lon="16.3400770"/>
      <trkpt lat="48.2039530" lon="16.3401100"/>
      <trkpt lat="48.2037540" lon="16.3401470"/>
      <trkpt lat="48.2035680" lon="16.3401790"/>
      <trkpt lat="48.2033720" lon="16.3402160"/>
      <trkpt lat="48.2032670" lon="16.3402350"/>
      <trkpt lat="48.2031580" lon="16.3402540"/>
      <trkpt lat="48.2029610" lon="16.3402870"/>
      <trkpt lat="48.2028010" lon="16.3403180"/>
      <trkpt lat="48.2027240" lon="16.3403330"/>
      <trkpt lat="48.2025600" lon="16.3403700"/>
      <trkpt lat="48.2023630" lon="16.3404070"/>
      <trkpt lat="48.2021750" lon="16.3404420"/>
      <trkpt lat="48.2019530" lon="16.3404890"/>
      <trkpt lat="48.2019460" lon="16.3404900"/>
      <trkpt lat="48.2019050" lon="16.3404960"/>
      <trkpt lat="48.2018590" lon="16.3405030"/>
      <trkpt lat="48.2018470" lon="16.3405050"/>
      <trkpt lat="48.2018310" lon="16.3405080"/>
      <trkpt lat="48.2017740" lon="16.3405180"/>
      <trkpt lat="48.2017030" lon="16.3405310"/>
      <trkpt lat="48.2015870" lon="16.3405520"/>
      <trkpt lat="48.2013920" lon="16.3405900"/>
      <trkpt lat="48.2011950" lon="16.3406320"/>
      <trkpt lat="48.2009940" lon="16.3406670"/>
      <trkpt lat="48.2007900" lon="16.3407040"/>
      <trkpt lat="48.2007290" lon="16.3407160"/>
      <trkpt lat="48.2005920" lon="16.3407430"/>
      <trkpt lat="48.2004020" lon="16.3407800"/>
      <trkpt lat="48.2003650" lon="16.3407880"/>
      <trkpt lat="48.2001900" lon="16.3408290"/>
      <trkpt lat="48.1999790" lon="16.3408670"/>
      <trkpt lat="48.1997650" lon="16.3409070"/>
      <trkpt lat="48.1995650" lon="16.3409450"/>
      <trkpt lat="48.1993520" lon="16.3409860"/>
      <trkpt lat="48.1990960" lon="16.3410360"/>
      <trkpt lat="48.1989260" lon="16.3410660"/>
      <trkpt lat="48.1988130" lon="16.3410850"/>
      <trkpt lat="48.1987630" lon="16.3410950"/>
      <trkpt lat="48.1987140" lon="16.3411070"/>
      <trkpt lat="48.1986950" lon="16.3410060"/>
      <trkpt lat="48.1986920" lon="16.3409870"/>
      <trkpt lat="48.1986760" lon="16.3408940"/>
      <trkpt lat="48.1985780" lon="16.3402720"/>
      <trkpt lat="48.1985200" lon="16.3398930"/>
      <trkpt lat="48.1984150" lon="16.3392530"/>
      <trkpt lat="48.1984080" lon="16.3391580"/>
      <trkpt lat="48.1984050" lon="16.3391170"/>
      <trkpt lat="48.1983970" lon="16.3390100"/>
      <trkpt lat="48.1983760" lon="16.3389220"/>
      <trkpt lat="48.1983570" lon="16.3388460"/>
      <trkpt lat="48.1982730" lon="16.3385040"/>
      <trkpt lat="48.1982630" lon="16.3384640"/>
      <trkpt lat="48.1982530" lon="16.3384210"/>
      <trkpt lat="48.1982430" lon="16.3383820"/>
      <trkpt lat="48.1982150" lon="16.3382650"/>
      <trkpt lat="48.1980960" lon="16.3382700"/>
      <trkpt lat="48.1977790" lon="16.3382850"/>
      <trkpt lat="48.1974660" lon="16.3383870"/>
      <trkpt lat="48.1972360" lon="16.3384720"/>
      <trkpt lat="48.1971870" lon="16.3384870"/>
      <trkpt lat="48.1970390" lon="16.3385410"/>
      <trkpt lat="48.1967030" lon="16.3386620"/>
      <trkpt lat="48.1965300" lon="16.3387330"/>
      <trkpt lat="48.1964910" lon="16.3387490"/>
      <trkpt lat="48.1961770" lon="16.3388730"/>
      <trkpt lat="48.1959040" lon="16.3389810"/>
      <trkpt lat="48.1958620" lon="16.3389980"/>
      <trkpt lat="48.1958460" lon="16.3390040"/>
      <trkpt lat="48.1958300" lon="16.3390100"/>
      <trkpt lat="48.1957890" lon="16.3390230"/>
      <trkpt lat="48.1957220" lon="16.3390400"/>
      <trkpt lat="48.1956610" lon="16.3389360"/>
      <trkpt lat="48.1956300" lon="16.3388890"/>
      <trkpt lat="48.1955600" lon="16.3387510"/>
      <trkpt lat="48.1953970" lon="16.3382910"/>
      <trkpt lat="48.1952400" lon="16.3378250"/>
      <trkpt lat="48.1951700" lon="16.3376300"/>
      <trkpt lat="48.1951610" lon="16.3375940"/>
      <trkpt lat="48.1951270" lon="16.3374370"/>
      <trkpt lat="48.1951180" lon="16.3374010"/>
      <trkpt lat="48.1951060" lon="16.3373580"/>
      <trkpt lat="48.1950840" lon="16.3372740"/>
      <trkpt lat="48.1950650" lon="16.3372060"/>
      <trkpt lat="48.1950390" lon="16.3371150"/>
      <trkpt lat="48.1950210" lon="16.3370500"/>
      <trkpt lat="48.1948920" lon="16.3366630"/>
      <trkpt lat="48.1948180" lon="16.3364510"/>
      <trkpt lat="48.1947730" lon="16.3363120"/>
      <trkpt lat="48.1946570" lon="16.3359960"/>
      <trkpt lat="48.1946140" lon="16.3358770"/>
      <trkpt lat="48.1944300" lon="16.3355300"/>
      <trkpt lat="48.1944030" lon="16.3354870"/>
      <trkpt lat="48.1943620" lon="16.3354210"/>
      <trkpt lat="48.1942220" lon="16.3351910"/>
      <trkpt lat="48.1940990" lon="16.3349810"/>
      <trkpt lat="48.1940780" lon="16.3349480"/>
      <trkpt lat="48.1940500" lon="16.3349050"/>
      <trkpt lat="48.1940080" lon="16.3348460"/>
      <trkpt lat="48.1937510" lon="16.3344790"/>
      <trkpt lat="48.1936620" lon="16.3343600"/>
      <trkpt lat="48.1934290" lon="16.3340510"/>
      <trkpt lat="48.1932930" lon="16.3339000"/>
      <trkpt lat="48.1929850" lon="16.3335610"/>
      <trkpt lat="48.1929460" lon="16.3335200"/>
      <trkpt lat="48.1929140" lon="16.3334850"/>
      <trkpt lat="48.1927730" lon="16.3333470"/>
      <trkpt lat="48.1922050" lon="16.3327450"/>
      <trkpt lat="48.1921040" lon="16.3326350"/>
      <trkpt lat="48.1920300" lon="16.3325470"/>
      <trkpt lat="48.1919890" lon="16.3324850"/>
      <trkpt lat="48.1919450" lon="16.3323970"/>
      <trkpt lat="48.1919020" lon="16.3322840"/>
      <trkpt lat="48.1918480" lon="16.3320630"/>
      <trkpt lat="48.1918080" lon="16.3319100"/>
      <trkpt lat="48.1917520" lon="16.3316760"/>
      <trkpt lat="48.1917400" lon="16.3316150"/>
      <trkpt lat="48.1917250" lon="16.3315410"/>
      <trkpt lat="48.1916980" lon="16.3314060"/>
      <trkpt lat="48.1916630" lon="16.3311720"/>
      <trkpt lat="48.1916370" lon="16.3309750"/>
      <trkpt lat="48.1916160" lon="16.3307680"/>
      <trkpt lat="48.1915760" lon="16.3303130"/>
      <trkpt lat="48.1915630" lon="16.3301310"/>
      <trkpt lat="48.1915540" lon="16.3300320"/>
      <trkpt lat="48.1915520" lon="16.3299980"/>
      <trkpt lat="48.1915250" lon="16.3296200"/>
      <trkpt lat="48.1915000" lon="16.3292540"/>
      <trkpt lat="48.1914710" lon="16.3288070"/>
      <trkpt lat="48.1914420" lon="16.3281410"/>
      <trkpt lat="48.1914210" lon="16.3278270"/>
      <trkpt lat="48.1914100" lon="16.3276520"/>
      <trkpt lat="48.1914070" lon="16.3276060"/>
      <trkpt lat="48.1914010" lon="16.3275160"/>
      <trkpt lat="48.1913880" lon="16.3273150"/>
      <trkpt lat="48.1913760" lon="16.3271650"/>
      <trkpt lat="48.1913550" lon="16.3269950"/>
      <trkpt lat="48.1913280" lon="16.3268220"/>
      <trkpt lat="48.1912930" lon="16.3266720"/>
      <trkpt lat="48.1912020" lon="16.3263800"/>
      <trkpt lat="48.1910980" lon="16.3260340"/>
      <trkpt lat="48.1909870" lon="16.3255830"/>
      <trkpt lat="48.1909470" lon="16.3254200"/>
      <trkpt lat="48.1908480" lon="16.3250240"/>
      <trkpt lat="48.1907500" lon="16.3246330"/>
      <trkpt lat="48.1906620" lon="16.3242610"/>
      <trkpt lat="48.1906200" lon="16.3240850"/>
      <trkpt lat="48.1905880" lon="16.3239200"/>
      <trkpt lat="48.1905720" lon="16.3238040"/>
      <trkpt lat="48.1905670" lon="16.3237740"/>
      <trkpt lat="48.1905430" lon="16.3236250"/>
      <trkpt lat="48.1904970" lon="16.3233800"/>
      <trkpt lat="48.1904440" lon="16.3231250"/>
      <trkpt lat="48.1904110" lon="16.3229830"/>
      <trkpt lat="48.1904000" lon="16.3229300"/>
      <trkpt lat="48.1903580" lon="16.3227380"/>
      <trkpt lat="48.1903480" lon="16.3226860"/>
      <trkpt lat="48.1903180" lon="16.3225310"/>
      <trkpt lat="48.1902900" lon="16.3223260"/>
      <trkpt lat="48.1902830" lon="16.3222370"/>
      <trkpt lat="48.1902110" lon="16.3213590"/>
      <trkpt lat="48.1901840" lon="16.3210250"/>
      <trkpt lat="48.1901440" lon="16.3205260"/>
      <trkpt lat="48.1901390" lon="16.3203860"/>
      <trkpt lat="48.1901360" lon="16.3203230"/>
      <trkpt lat="48.1901320" lon="16.3201310"/>
      <trkpt lat="48.1901180" lon="16.3195620"/>
      <trkpt lat="48.1901640" lon="16.3187530"/>
      <trkpt lat="48.1902180" lon="16.3178810"/>
      <trkpt lat="48.1902390" lon="16.3175530"/>
      <trkpt lat="48.1902920" lon="16.3166910"/>
      <trkpt lat="48.1903180" lon="16.3162490"/>
      <trkpt lat="48.1903420" lon="16.3158380"/>
      <trkpt lat="48.1903540" lon="16.3156440"/>
      <trkpt lat="48.1903470" lon="16.3155520"/>
      <trkpt lat="48.1903410" lon="16.3154640"/>
      <trkpt lat="48.1903340" lon="16.3154040"/>
      <trkpt lat="48.1903290" lon="16.3153580"/>
      <trkpt lat="48.1903190" lon="16.3152220"/>
      <trkpt lat="48.1901950" lon="16.3151540"/>
      <trkpt lat="48.1901570" lon="16.3151320"/>
      <trkpt lat="48.1901370" lon="16.3151210"/>
      <trkpt lat="48.1900760" lon="16.3150860"/>
      <trkpt lat="48.1898080" lon="16.3149410"/>
      <trkpt lat="48.1896430" lon="16.3148530"/>
      <trkpt lat="48.1890700" lon="16.3145440"/>
      <trkpt lat="48.1884730" lon="16.3142260"/>
      <trkpt lat="48.1883960" lon="16.3141460"/>
      <trkpt lat="48.1883310" lon="16.3140740"/>
      <trkpt lat="48.1882840" lon="16.3139980"/>
      <trkpt lat="48.1882390" lon="16.3139190"/>
      <trkpt lat="48.1881920" lon="16.3138000"/>
      <trkpt lat="48.1881200" lon="16.3135940"/>
      <trkpt lat="48.1881010" lon="16.3135490"/>
      <trkpt lat="48.1880730" lon="16.3135080"/>
      <trkpt lat="48.1880340" lon="16.3134710"/>
      <trkpt lat="48.1879040" lon="16.3134000"/>
      <trkpt lat="48.1872020" lon="16.3130220"/>
      <trkpt lat="48.1871910" lon="16.3130160"/>
      <trkpt lat="48.1870230" lon="16.3129290"/>
      <trkpt lat="48.1870060" lon="16.3130220"/>
      <trkpt lat="48.1869880" lon="16.3131150"/>
      <trkpt lat="48.1869600" lon="16.3132430"/>
      <trkpt lat="48.1869300" lon="16.3133730"/>
      <trkpt lat="48.1868290" lon="16.3133180"/>
      <trkpt lat="48.1866310" lon="16.3132140"/>
      <trkpt lat="48.1866060" lon="16.3131990"/>
      <trkpt lat="48.1853520" lon="16.3125330"/>
      <trkpt lat="48.1856090" lon="16.3114700"/>
      <trkpt lat="48.1856300" lon="16.3113840"/>
      <trkpt lat="48.1856300" lon="16.3113840"/>
      <trkpt lat="48.1856520" lon="16.3112920"/>
      <trkpt lat="48.1856720" lon="16.3112170"/>
      <trkpt lat="48.1857570" lon="16.3108690"/>
      <trkpt lat="48.1858890" lon="16.3103270"/>
      <trkpt lat="48.1859720" lon="16.3099870"/>
      <trkpt lat="48.1862980" lon="16.3086450"/>
      <trkpt lat="48.1866890" lon="16.3088610"/>
      <trkpt lat="48.1869550" lon="16.3090030"/>
      <trkpt lat="48.1869700" lon="16.3090180"/>
      <trkpt lat="48.1869810" lon="16.3090350"/>
      <trkpt lat="48.1869940" lon="16.3090510"/>
      <trkpt lat="48.1870070" lon="16.3090610"/>
      <trkpt lat="48.1870200" lon="16.3090660"/>
      <trkpt lat="48.1870500" lon="16.3090680"/>
      <trkpt lat="48.1871150" lon="16.3090750"/>
      <trkpt lat="48.1871980" lon="16.3090830"/>
      <trkpt lat="48.1871350" lon="16.3109260"/>
      <trkpt lat="48.1871130" lon="16.3115950"/>
      <trkpt lat="48.1870900" lon="16.3122780"/>
      <trkpt lat="48.1870860" lon="16.3124030"/>
      <trkpt lat="48.1870760" lon="16.3125380"/>
      <trkpt lat="48.1870610" lon="16.3126710"/>
      <trkpt lat="48.1870500" lon="16.3127630"/>
      <trkpt lat="48.1870370" lon="16.3128460"/>
      <trkpt lat="48.1870230" lon="16.3129290"/>
      <trkpt lat="48.1870060" lon="16.3130220"/>
      <trkpt lat="48.1869880" lon="16.3131150"/>
      <trkpt lat="48.1869600" lon="16.3132430"/>
      <trkpt lat="48.1869300" lon="16.3133730"/>
      <trkpt lat="48.1868990" lon="16.3134860"/>
      <trkpt lat="48.1868670" lon="16.3135950"/>
      <trkpt lat="48.1868510" lon="16.3136430"/>
      <trkpt lat="48.1867860" lon="16.3138270"/>
      <trkpt lat="48.1867400" lon="16.3139570"/>
      <trkpt lat="48.1866530" lon="16.3142020"/>
      <trkpt lat="48.1863280" lon="16.3151280"/>
      <trkpt lat="48.1862290" lon="16.3153910"/>
      <trkpt lat="48.1861830" lon="16.3155190"/>
      <trkpt lat="48.1854720" lon="16.3175410"/>
      <trkpt lat="48.1854470" lon="16.3176110"/>
      <trkpt lat="48.1853710" lon="16.3178280"/>
      <trkpt lat="48.1853480" lon="16.3178920"/>
      <trkpt lat="48.1851380" lon="16.3185460"/>
      <trkpt lat="48.1850220" lon="16.3189420"/>
      <trkpt lat="48.1849600" lon="16.3191680"/>
      <trkpt lat="48.1849430" lon="16.3192440"/>
      <trkpt lat="48.1849270" lon="16.3193310"/>
      <trkpt lat="48.1849140" lon="16.3194320"/>
      <trkpt lat="48.1849120" lon="16.3195010"/>
      <trkpt lat="48.1849100" lon="16.3195530"/>
      <trkpt lat="48.1849070" lon="16.3196280"/>
      <trkpt lat="48.1848950" lon="16.3198000"/>
      <trkpt lat="48.1848870" lon="16.3198780"/>
      <trkpt lat="48.1848750" lon="16.3199500"/>
      <trkpt lat="48.1848430" lon="16.3200770"/>
      <trkpt lat="48.1848190" lon="16.3201630"/>
      <trkpt lat="48.1847470" lon="16.3204180"/>
      <trkpt lat="48.1847380" lon="16.3204490"/>
      <trkpt lat="48.1847240" lon="16.3204950"/>
      <trkpt lat="48.1847040" lon="16.3205550"/>
      <trkpt lat="48.1846770" lon="16.3206310"/>
      <trkpt lat="48.1846430" lon="16.3207220"/>
      <trkpt lat="48.1846040" lon="16.3208270"/>
      <trkpt lat="48.1845770" lon="16.3209080"/>
      <trkpt lat="48.1845490" lon="16.3210090"/>
      <trkpt lat="48.1845150" lon="16.3211630"/>
      <trkpt lat="48.1844670" lon="16.3213760"/>
      <trkpt lat="48.1844190" lon="16.3215580"/>
      <trkpt lat="48.1838590" lon="16.3235440"/>
      <trkpt lat="48.1838380" lon="16.3236240"/>
      <trkpt lat="48.1838140" lon="16.3237070"/>
      <trkpt lat="48.1837500" lon="16.3239380"/>
      <trkpt lat="48.1835810" lon="16.3245740"/>
      <trkpt lat="48.1835670" lon="16.3246270"/>
      <trkpt lat="48.1832080" lon="16.3259740"/>
      <trkpt lat="48.1831470" lon="16.3262010"/>
      <trkpt lat="48.1831130" lon="16.3263570"/>
      <trkpt lat="48.1830820" lon="16.3265020"/>
      <trkpt lat="48.1830560" lon="16.3267260"/>
      <trkpt lat="48.1830540" lon="16.3268540"/>
      <trkpt lat="48.1830510" lon="16.3269800"/>
      <trkpt lat="48.1830790" lon="16.3272980"/>
      <trkpt lat="48.1831090" lon="16.3275930"/>
      <trkpt lat="48.1831710" lon="16.3282490"/>
      <trkpt lat="48.1832150" lon="16.3286680"/>
      <trkpt lat="48.1832370" lon="16.3288710"/>
      <trkpt lat="48.1832940" lon="16.3294170"/>
      <trkpt lat="48.1833050" lon="16.3295240"/>
      <trkpt lat="48.1833050" lon="16.3295290"/>
      <trkpt lat="48.1833140" lon="16.3296130"/>
      <trkpt lat="48.1833260" lon="16.3297300"/>
      <trkpt lat="48.1833950" lon="16.3304360"/>
      <trkpt lat="48.1834200" lon="16.3306780"/>
      <trkpt lat="48.1835230" lon="16.3316710"/>
      <trkpt lat="48.1836510" lon="16.3324930"/>
      <trkpt lat="48.1838650" lon="16.3332590"/>
      <trkpt lat="48.1841240" lon="16.3340760"/>
      <trkpt lat="48.1841580" lon="16.3341690"/>
      <trkpt lat="48.1841740" lon="16.3342150"/>
      <trkpt lat="48.1843950" lon="16.3348190"/>
      <trkpt lat="48.1844690" lon="16.3350160"/>
      <trkpt lat="48.1845070" lon="16.3351200"/>
      <trkpt lat="48.1847010" lon="16.3356340"/>
      <trkpt lat="48.1847580" lon="16.3357920"/>
      <trkpt lat="48.1848050" lon="16.3359210"/>
      <trkpt lat="48.1849600" lon="16.3362270"/>
      <trkpt lat="48.1851700" lon="16.3366410"/>
      <trkpt lat="48.1855410" lon="16.3373620"/>
      <trkpt lat="48.1855870" lon="16.3374500"/>
      <trkpt lat="48.1856220" lon="16.3375180"/>
      <trkpt lat="48.1859630" lon="16.3386940"/>
      <trkpt lat="48.1859750" lon="16.3387360"/>
      <trkpt lat="48.1861730" lon="16.3394130"/>
      <trkpt lat="48.1863120" lon="16.3398780"/>
      <trkpt lat="48.1866420" lon="16.3409880"/>
      <trkpt lat="48.1867520" lon="16.3413630"/>
      <trkpt lat="48.1868380" lon="16.3416520"/>
      <trkpt lat="48.1868540" lon="16.3417040"/>
      <trkpt lat="48.1869900" lon="16.3421640"/>
      <trkpt lat="48.1870900" lon="16.3425040"/>
      <trkpt lat="48.1871050" lon="16.3425520"/>
      <trkpt lat="48.1871440" lon="16.3426650"/>
      <trkpt lat="48.1870230" lon="16.3427680"/>
      <trkpt lat="48.1868810" lon="16.3428890"/>
      <trkpt lat="48.1862160" lon="16.3434560"/>
      <trkpt lat="48.1856430" lon="16.3439500"/>
      <trkpt lat="48.1856050" lon="16.3439820"/>
      <trkpt lat="48.1855260" lon="16.3440480"/>
      <trkpt lat="48.1854570" lon="16.3441080"/>
      <trkpt lat="48.1854500" lon="16.3441140"/>
      <trkpt lat="48.1847700" lon="16.3447040"/>
      <trkpt lat="48.1840160" lon="16.3453590"/>
      <trkpt lat="48.1839930" lon="16.3453780"/>
      <trkpt lat="48.1839100" lon="16.3454510"/>
      <trkpt lat="48.1838280" lon="16.3455220"/>
      <trkpt lat="48.1836520" lon="16.3456630"/>
      <trkpt lat="48.1830770" lon="16.3461760"/>
      <trkpt lat="48.1823880" lon="16.3467550"/>
      <trkpt lat="48.1815370" lon="16.3475000"/>
      <trkpt lat="48.1815110" lon="16.3475230"/>
      <trkpt lat="48.1814690" lon="16.3475600"/>
      <trkpt lat="48.1814420" lon="16.3475820"/>
      <trkpt lat="48.1814200" lon="16.3476010"/>
      <trkpt lat="48.1814180" lon="16.3476020"/>
      <trkpt lat="48.1813820" lon="16.3476300"/>
      <trkpt lat="48.1813260" lon="16.3476750"/>
      <trkpt lat="48.1812060" lon="16.3477650"/>
      <trkpt lat="48.1808620" lon="16.3480570"/>
      <trkpt lat="48.1806260" lon="16.3483490"/>
      <trkpt lat="48.1805150" lon="16.3485270"/>
      <trkpt lat="48.1803700" lon="16.3488010"/>
      <trkpt lat="48.1803090" lon="16.3489690"/>
      <trkpt lat="48.1802940" lon="16.3490130"/>
      <trkpt lat="48.1802590" lon="16.3491140"/>
      <trkpt lat="48.1801930" lon="16.3493150"/>
      <trkpt lat="48.1801700" lon="16.3493990"/>
      <trkpt lat="48.1800760" lon="16.3498040"/>
      <trkpt lat="48.1800210" lon="16.3506660"/>
      <trkpt lat="48.1799620" lon="16.3514890"/>
      <trkpt lat="48.1799160" lon="16.3521270"/>
      <trkpt lat="48.1799010" lon="16.3523320"/>
      <trkpt lat="48.1798970" lon="16.3523870"/>
      <trkpt lat="48.1798770" lon="16.3526500"/>
      <trkpt lat="48.1798660" lon="16.3528270"/>
      <trkpt lat="48.1798420" lon="16.3531670"/>
      <trkpt lat="48.1798730" lon="16.3544590"/>
      <trkpt lat="48.1798880" lon="16.3548490"/>
      <trkpt lat="48.1799060" lon="16.3551810"/>
      <trkpt lat="48.1799420" lon="16.3556290"/>
      <trkpt lat="48.1799930" lon="16.3560730"/>
      <trkpt lat="48.1800350" lon="16.3563650"/>
      <trkpt lat="48.1800780" lon="16.3565990"/>
      <trkpt lat="48.1801320" lon="16.3568190"/>
      <trkpt lat="48.1802270" lon="16.3571580"/>
      <trkpt lat="48.1802670" lon="16.3572880"/>
      <trkpt lat="48.1806300" lon="16.3584410"/>
      <trkpt lat="48.1806790" lon="16.3585880"/>
      <trkpt lat="48.1809770" lon="16.3593850"/>
      <trkpt lat="48.1814300" lon="16.3606130"/>
      <trkpt lat="48.1818450" lon="16.3617390"/>
      <trkpt lat="48.1825210" lon="16.3635730"/>
      <trkpt lat="48.1825590" lon="16.3636740"/>
      <trkpt lat="48.1827620" lon="16.3642310"/>
      <trkpt lat="48.1827720" lon="16.3642590"/>
      <trkpt lat="48.1827850" lon="16.3642940"/>
      <trkpt lat="48.1827880" lon="16.3643030"/>
      <trkpt lat="48.1828420" lon="16.3644600"/>
      <trkpt lat="48.1835610" lon="16.3664690"/>
      <trkpt lat="48.1842020" lon="16.3683120"/>
      <trkpt lat="48.1844720" lon="16.3690670"/>
      <trkpt lat="48.1846550" lon="16.3696020"/>
      <trkpt lat="48.1848090" lon="16.3700330"/>
      <trkpt lat="48.1848510" lon="16.3701510"/>
      <trkpt lat="48.1849620" lon="16.3704580"/>
      <trkpt lat="48.1852460" lon="16.3713680"/>
      <trkpt lat="48.1853350" lon="16.3716420"/>
      <trkpt lat="48.1856590" lon="16.3726610"/>
      <trkpt lat="48.1856730" lon="16.3727100"/>
      <trkpt lat="48.1857210" lon="16.3729140"/>
      <trkpt lat="48.1857780" lon="16.3731160"/>
      <trkpt lat="48.1857860" lon="16.3731750"/>
      <trkpt lat="48.1857900" lon="16.3732160"/>
      <trkpt lat="48.1857900" lon="16.3732630"/>
      <trkpt lat="48.1857890" lon="16.3732850"/>
      <trkpt lat="48.1857850" lon="16.3733100"/>
      <trkpt lat="48.1857750" lon="16.3733460"/>
      <trkpt lat="48.1857640" lon="16.3733680"/>
      <trkpt lat="48.1857460" lon="16.3733890"/>
      <trkpt lat="48.1856680" lon="16.3734400"/>
      <trkpt lat="48.1855520" lon="16.3734370"/>
      <trkpt lat="48.1855160" lon="16.3734380"/>
      <trkpt lat="48.1854710" lon="16.3734400"/>
      <trkpt lat="48.1854050" lon="16.3734450"/>
      <trkpt lat="48.1853330" lon="16.3734510"/>
      <trkpt lat="48.1852500" lon="16.3734600"/>
      <trkpt lat="48.1850260" lon="16.3734890"/>
      <trkpt lat="48.1848190" lon="16.3735220"/>
      <trkpt lat="48.1847460" lon="16.3735890"/>
      <trkpt lat="48.1847100" lon="16.3736460"/>
      <trkpt lat="48.1847040" lon="16.3736640"/>
      <trkpt lat="48.1846980" lon="16.3736830"/>
      <trkpt lat="48.1846850" lon="16.3737340"/>
      <trkpt lat="48.1846560" lon="16.3738530"/>
      <trkpt lat="48.1846440" lon="16.3740660"/>
      <trkpt lat="48.1846440" lon="16.3741570"/>
      <trkpt lat="48.1846430" lon="16.3743970"/>
      <trkpt lat="48.1846350" lon="16.3747020"/>
      <trkpt lat="48.1846310" lon="16.3748380"/>
      <trkpt lat="48.1846010" lon="16.3750550"/>
      <trkpt lat="48.1845730" lon="16.3752760"/>
      <trkpt lat="48.1845070" lon="16.3754080"/>
      <trkpt lat="48.1844510" lon="16.3755020"/>
      <trkpt lat="48.1843850" lon="16.3755990"/>
      <trkpt lat="48.1843490" lon="16.3756460"/>
      <trkpt lat="48.1843230" lon="16.3756800"/>
      <trkpt lat="48.1842740" lon="16.3757420"/>
      <trkpt lat="48.1841720" lon="16.3758430"/>
      <trkpt lat="48.1841040" lon="16.3759150"/>
      <trkpt lat="48.1840380" lon="16.3759790"/>
      <trkpt lat="48.1840090" lon="16.3760070"/>
      <trkpt lat="48.1839840" lon="16.3760310"/>
      <trkpt lat="48.1839060" lon="16.3761080"/>
      <trkpt lat="48.1838600" lon="16.3761560"/>
      <trkpt lat="48.1838070" lon="16.3762180"/>
      <trkpt lat="48.1836470" lon="16.3764120"/>
      <trkpt lat="48.1835430" lon="16.3765400"/>
      <trkpt lat="48.1834210" lon="16.3766900"/>
      <trkpt lat="48.1833820" lon="16.3767470"/>
      <trkpt lat="48.1833110" lon="16.3768290"/>
      <trkpt lat="48.1833210" lon="16.3768970"/>
      <trkpt lat="48.1833360" lon="16.3769480"/>
      <trkpt lat="48.1837030" lon="16.3774850"/>
      <trkpt lat="48.1838180" lon="16.3776530"/>
      <trkpt lat="48.1838880" lon="16.3777330"/>
      <trkpt lat="48.1839190" lon="16.3777600"/>
      <trkpt lat="48.1839670" lon="16.3778020"/>
      <trkpt lat="48.1840310" lon="16.3778380"/>
      <trkpt lat="48.1840970" lon="16.3778670"/>
      <trkpt lat="48.1840810" lon="16.3779340"/>
      <trkpt lat="48.1840660" lon="16.3779900"/>
      <trkpt lat="48.1840490" lon="16.3780560"/>
      <trkpt lat="48.1840040" lon="16.3782030"/>
      <trkpt lat="48.1839080" lon="16.3785040"/>
      <trkpt lat="48.1838560" lon="16.3786830"/>
      <trkpt lat="48.1838400" lon="16.3787430"/>
      <trkpt lat="48.1837340" lon="16.3791630"/>
      <trkpt lat="48.1836810" lon="16.3794180"/>
      <trkpt lat="48.1836660" lon="16.3795270"/>
      <trkpt lat="48.1836560" lon="16.3796140"/>
      <trkpt lat="48.1836520" lon="16.3796840"/>
      <trkpt lat="48.1836500" lon="16.3797450"/>
      <trkpt lat="48.1836500" lon="16.3798120"/>
      <trkpt lat="48.1836520" lon="16.3799570"/>
      <trkpt lat="48.1836600" lon="16.3800910"/>
      <trkpt lat="48.1836650" lon="16.3801580"/>
      <trkpt lat="48.1836710" lon="16.3802470"/>
      <trkpt lat="48.1836760" lon="16.3803250"/>
      <trkpt lat="48.1836790" lon="16.3803690"/>
      <trkpt lat="48.1836830" lon="16.3804410"/>
      <trkpt lat="48.1836870" lon="16.3805160"/>
      <trkpt lat="48.1836950" lon="16.3806230"/>
      <trkpt lat="48.1836560" lon="16.3806400"/>
      <trkpt lat="48.1836160" lon="16.3806650"/>
      <trkpt lat="48.1835720" lon="16.3806970"/>
      <trkpt lat="48.1835200" lon="16.3807450"/>
      <trkpt lat="48.1834770" lon="16.3807930"/>
      <trkpt lat="48.1834340" lon="16.3808520"/>
      <trkpt lat="48.1833740" lon="16.3809480"/>
      <trkpt lat="48.1832860" lon="16.3810940"/>
      <trkpt lat="48.1831400" lon="16.3813450"/>
      <trkpt lat="48.1828310" lon="16.3818700"/>
      <trkpt lat="48.1827860" lon="16.3819450"/>
      <trkpt lat="48.1827250" lon="16.3820460"/>
      <trkpt lat="48.1826620" lon="16.3821550"/>
      <trkpt lat="48.1827350" lon="16.3823210"/>
      <trkpt lat="48.1829990" lon="16.3829230"/>
      <trkpt lat="48.1830480" lon="16.3830380"/>
      <trkpt lat="48.1833550" lon="16.3837920"/>
      <trkpt lat="48.1834170" lon="16.3839340"/>
      <trkpt lat="48.1835640" lon="16.3843020"/>
      <trkpt lat="48.1836350" lon="16.3844340"/>
      <trkpt lat="48.1836880" lon="16.3845130"/>
      <trkpt lat="48.1837430" lon="16.3845830"/>
      <trkpt lat="48.1837720" lon="16.3846210"/>
      <trkpt lat="48.1838810" lon="16.3847600"/>
      <trkpt lat="48.1839970" lon="16.3846770"/>
      <trkpt lat="48.1840780" lon="16.3846270"/>
      <trkpt lat="48.1841190" lon="16.3846010"/>
      <trkpt lat="48.1843540" lon="16.3844630"/>
      <trkpt lat="48.1845170" lon="16.3843610"/>
      <trkpt lat="48.1845960" lon="16.3843100"/>
      <trkpt lat="48.1846280" lon="16.3842870"/>
      <trkpt lat="48.1846680" lon="16.3842540"/>
      <trkpt lat="48.1847120" lon="16.3842150"/>
      <trkpt lat="48.1847500" lon="16.3841750"/>
      <trkpt lat="48.1847930" lon="16.3841270"/>
      <trkpt lat="48.1849500" lon="16.3839520"/>
      <trkpt lat="48.1849730" lon="16.3839260"/>
      <trkpt lat="48.1850320" lon="16.3838590"/>
      <trkpt lat="48.1851770" lon="16.3837040"/>
      <trkpt lat="48.1853110" lon="16.3835480"/>
      <trkpt lat="48.1854040" lon="16.3834700"/>
      <trkpt lat="48.1854960" lon="16.3833860"/>
      <trkpt lat="48.1857010" lon="16.3831540"/>
      <trkpt lat="48.1857580" lon="16.3831000"/>
      <trkpt lat="48.1858540" lon="16.3830280"/>
      <trkpt lat="48.1860390" lon="16.3828480"/>
      <trkpt lat="48.1861060" lon="16.3827800"/>
      <trkpt lat="48.1861940" lon="16.3827050"/>
      <trkpt lat="48.1862850" lon="16.3826180"/>
      <trkpt lat="48.1863630" lon="16.3825370"/>
      <trkpt lat="48.1863730" lon="16.3825280"/>
      <trkpt lat="48.1868720" lon="16.3819860"/>
      <trkpt lat="48.1869170" lon="16.3819410"/>
      <trkpt lat="48.1869820" lon="16.3818940"/>
      <trkpt lat="48.1870330" lon="16.3818650"/>
      <trkpt lat="48.1870810" lon="16.3818440"/>
      <trkpt lat="48.1871460" lon="16.3818210"/>
      <trkpt lat="48.1871730" lon="16.3818130"/>
      <trkpt lat="48.1871980" lon="16.3818070"/>
      <trkpt lat="48.1872100" lon="16.3818020"/>
      <trkpt lat="48.1872900" lon="16.3817810"/>
      <trkpt lat="48.1873690" lon="16.3817560"/>
      <trkpt lat="48.1874050" lon="16.3817460"/>
      <trkpt lat="48.1879840" lon="16.3814920"/>
      <trkpt lat="48.1880440" lon="16.3814610"/>
      <trkpt lat="48.1880970" lon="16.3814320"/>
      <trkpt lat="48.1881440" lon="16.3814000"/>
      <trkpt lat="48.1881710" lon="16.3813820"/>
      <trkpt lat="48.1881970" lon="16.3813640"/>
      <trkpt lat="48.1882730" lon="16.3813130"/>
      <trkpt lat="48.1883760" lon="16.3812290"/>
      <trkpt lat="48.1884250" lon="16.3811920"/>
      <trkpt lat="48.1884730" lon="16.3811550"/>
      <trkpt lat="48.1884960" lon="16.3811390"/>
      <trkpt lat="48.1885120" lon="16.3811300"/>
      <trkpt lat="48.1887660" lon="16.3809870"/>
      <trkpt lat="48.1888990" lon="16.3809010"/>
      <trkpt lat="48.1889860" lon="16.3808330"/>
      <trkpt lat="48.1890640" lon="16.3807850"/>
      <trkpt lat="48.1891540" lon="16.3807320"/>
      <trkpt lat="48.1893300" lon="16.3806340"/>
      <trkpt lat="48.1896860" lon="16.3804340"/>
      <trkpt lat="48.1903920" lon="16.3800330"/>
      <trkpt lat="48.1910600" lon="16.3796560"/>
      <trkpt lat="48.1911950" lon="16.3795790"/>
      <trkpt lat="48.1912000" lon="16.3796010"/>
      <trkpt lat="48.1912170" lon="16.3796740"/>
      <trkpt lat="48.1912420" lon="16.3797880"/>
      <trkpt lat="48.1912540" lon="16.3798300"/>
      <trkpt lat="48.1912930" lon="16.3799570"/>
      <trkpt lat="48.1913940" lon="16.3800180"/>
      <trkpt lat="48.1914780" lon="16.3800490"/>
      <trkpt lat="48.1915110" lon="16.3800380"/>
      <trkpt lat="48.1915450" lon="16.3799980"/>
      <trkpt lat="48.1915590" lon="16.3799350"/>
      <trkpt lat="48.1915530" lon="16.3798920"/>
      <trkpt lat="48.1915390" lon="16.3798520"/>
      <trkpt lat="48.1915020" lon="16.3798090"/>
      <trkpt lat="48.1914560" lon="16.3797900"/>
      <trkpt lat="48.1913970" lon="16.3797920"/>
      <trkpt lat="48.1912540" lon="16.3798300"/>
      <trkpt lat="48.1912480" lon="16.3798100"/>
      <trkpt lat="48.1912420" lon="16.3797880"/>
      <trkpt lat="48.1912170" lon="16.3796740"/>
      <trkpt lat="48.1912000" lon="16.3796010"/>
      <trkpt lat="48.1911950" lon="16.3795790"/>
      <trkpt lat="48.1912660" lon="16.3795400"/>
      <trkpt lat="48.1914420" lon="16.3794410"/>
      <trkpt lat="48.1916790" lon="16.3793090"/>
      <trkpt lat="48.1917970" lon="16.3792410"/>
      <trkpt lat="48.1918580" lon="16.3792060"/>
      <trkpt lat="48.1919260" lon="16.3791630"/>
      <trkpt lat="48.1920040" lon="16.3791130"/>
      <trkpt lat="48.1920130" lon="16.3791080"/>
      <trkpt lat="48.1920410" lon="16.3790880"/>
      <trkpt lat="48.1928500" lon="16.3785410"/>
      <trkpt lat="48.1929080" lon="16.3785010"/>
      <trkpt lat="48.1944510" lon="16.3771900"/>
      <trkpt lat="48.1944780" lon="16.3771670"/>
      <trkpt lat="48.1945400" lon="16.3771150"/>
      <trkpt lat="48.1946420" lon="16.3770380"/>
      <trkpt lat="48.1946530" lon="16.3770310"/>
      <trkpt lat="48.1947430" lon="16.3769690"/>
      <trkpt lat="48.1969570" lon="16.3756020"/>
      <trkpt lat="48.1970310" lon="16.3755570"/>
      <trkpt lat="48.1975350" lon="16.3752540"/>
      <trkpt lat="48.1976060" lon="16.3752110"/>
      <trkpt lat="48.1976160" lon="16.3752050"/>
      <trkpt lat="48.1976300" lon="16.3752210"/>
      <trkpt lat="48.1976600" lon="16.3752330"/>
      <trkpt lat="48.1976760" lon="16.3752330"/>
      <trkpt lat="48.1977060" lon="16.3752310"/>
      <trkpt lat="48.1977460" lon="16.3752270"/>
      <trkpt lat="48.1978630" lon="16.3751990"/>
      <trkpt lat="48.1979850" lon="16.3751810"/>
      <trkpt lat="48.1981750" lon="16.3751960"/>
      <trkpt lat="48.1982800" lon="16.3752180"/>
      <trkpt lat="48.1983280" lon="16.3752280"/>
      <trkpt lat="48.1984460" lon="16.3752520"/>
      <trkpt lat="48.1984990" lon="16.3752660"/>
      <trkpt lat="48.1985440" lon="16.3752820"/>
      <trkpt lat="48.1987920" lon="16.3753540"/>
      <trkpt lat="48.1988750" lon="16.3753890"/>
      <trkpt lat="48.1989440" lon="16.3754370"/>
      <trkpt lat="48.1990140" lon="16.3755190"/>
      <trkpt lat="48.1990620" lon="16.3756100"/>
      <trkpt lat="48.1990990" lon="16.3757280"/>
      <trkpt lat="48.1991160" lon="16.3758450"/>
      <trkpt lat="48.1991190" lon="16.3758660"/>
      <trkpt lat="48.1991310" lon="16.3759360"/>
      <trkpt lat="48.1990980" lon="16.3760610"/>
      <trkpt lat="48.1990830" lon="16.3761130"/>
      <trkpt lat="48.1990480" lon="16.3762160"/>
      <trkpt lat="48.1990120" lon="16.3762900"/>
      <trkpt lat="48.1989670" lon="16.3763650"/>
      <trkpt lat="48.1988910" lon="16.3764590"/>
      <trkpt lat="48.1988040" lon="16.3765600"/>
      <trkpt lat="48.1986570" lon="16.3767380"/>
      <trkpt lat="48.1986300" lon="16.3767720"/>
      <trkpt lat="48.1983250" lon="16.3771510"/>
      <trkpt lat="48.1983100" lon="16.3771700"/>
      <trkpt lat="48.1982920" lon="16.3771970"/>
      <trkpt lat="48.1981550" lon="16.3774010"/>
      <trkpt lat="48.1981060" lon="16.3774860"/>
      <trkpt lat="48.1980670" lon="16.3775640"/>
      <trkpt lat="48.1979960" lon="16.3777500"/>
      <trkpt lat="48.1978740" lon="16.3780660"/>
      <trkpt lat="48.1977330" lon="16.3784670"/>
      <trkpt lat="48.1977030" lon="16.3785780"/>
      <trkpt lat="48.1976970" lon="16.3786200"/>
      <trkpt lat="48.1976880" lon="16.3786850"/>
      <trkpt lat="48.1975390" lon="16.3790850"/>
      <trkpt lat="48.1975520" lon="16.3790940"/>
      <trkpt lat="48.1975790" lon="16.3791150"/>
      <trkpt lat="48.1976020" lon="16.3791340"/>
      <trkpt lat="48.1979920" lon="16.3794640"/>
      <trkpt lat="48.1980400" lon="16.3795070"/>
      <trkpt lat="48.1980940" lon="16.3795140"/>
      <trkpt lat="48.1980940" lon="16.3792950"/>
      <trkpt lat="48.1981650" lon="16.3790830"/>
      <trkpt lat="48.1977530" lon="16.3787280"/>
      <trkpt lat="48.1977010" lon="16.3786930"/>
      <trkpt lat="48.1976880" lon="16.3786850"/>
      <trkpt lat="48.1977490" lon="16.3785650"/>
      <trkpt lat="48.1978010" lon="16.3784240"/>
      <trkpt lat="48.1978310" lon="16.3783410"/>
      <trkpt lat="48.1979570" lon="16.3780010"/>
      <trkpt lat="48.1980240" lon="16.3778260"/>
      <trkpt lat="48.1981240" lon="16.3776530"/>
      <trkpt lat="48.1981580" lon="16.3775860"/>
      <trkpt lat="48.1982050" lon="16.3775180"/>
      <trkpt lat="48.1983340" lon="16.3773810"/>
      <trkpt lat="48.1984610" lon="16.3772550"/>
      <trkpt lat="48.1986900" lon="16.3769700"/>
      <trkpt lat="48.1987220" lon="16.3769300"/>
      <trkpt lat="48.1988180" lon="16.3768260"/>
      <trkpt lat="48.1990450" lon="16.3765420"/>
      <trkpt lat="48.1991840" lon="16.3763670"/>
      <trkpt lat="48.1992050" lon="16.3763420"/>
      <trkpt lat="48.1992280" lon="16.3762970"/>
      <trkpt lat="48.1992660" lon="16.3762080"/>
      <trkpt lat="48.1993070" lon="16.3760890"/>
      <trkpt lat="48.1993530" lon="16.3759440"/>
      <trkpt lat="48.1994060" lon="16.3758340"/>
      <trkpt lat="48.1994790" lon="16.3757470"/>
      <trkpt lat="48.1995620" lon="16.3756740"/>
      <trkpt lat="48.1999130" lon="16.3754730"/>
      <trkpt lat="48.1999770" lon="16.3754360"/>
      <trkpt lat="48.2000650" lon="16.3753860"/>
      <trkpt lat="48.2002190" lon="16.3752910"/>
      <trkpt lat="48.2002400" lon="16.3752780"/>
      <trkpt lat="48.2003360" lon="16.3752190"/>
      <trkpt lat="48.2004160" lon="16.3751710"/>
      <trkpt lat="48.2006490" lon="16.3750400"/>
      <trkpt lat="48.2009460" lon="16.3748730"/>
      <trkpt lat="48.2013270" lon="16.3746710"/>
      <trkpt lat="48.2013630" lon="16.3746520"/>
      <trkpt lat="48.2014750" lon="16.3745910"/>
      <trkpt lat="48.2014930" lon="16.3745810"/>
      <trkpt lat="48.2015090" lon="16.3745700"/>
      <trkpt lat="48.2015430" lon="16.3745400"/>
      <trkpt lat="48.2015570" lon="16.3745240"/>
      <trkpt lat="48.2015810" lon="16.3744950"/>
      <trkpt lat="48.2016040" lon="16.3744590"/>
      <trkpt lat="48.2016580" lon="16.3743670"/>
      <trkpt lat="48.2016340" lon="16.3742760"/>
      <trkpt lat="48.2016250" lon="16.3742400"/>
      <trkpt lat="48.2016180" lon="16.3742090"/>
      <trkpt lat="48.2016030" lon="16.3741520"/>
      <trkpt lat="48.2015530" lon="16.3739510"/>
      <trkpt lat="48.2014910" lon="16.3737170"/>
      <trkpt lat="48.2014820" lon="16.3736510"/>
      <trkpt lat="48.2014760" lon="16.3735680"/>
      <trkpt lat="48.2014820" lon="16.3734730"/>
      <trkpt lat="48.2015000" lon="16.3733770"/>
      <trkpt lat="48.2016140" lon="16.3728710"/>
      <trkpt lat="48.2018890" lon="16.3716430"/>
      <trkpt lat="48.2019050" lon="16.3715710"/>
      <trkpt lat="48.2019210" lon="16.3714940"/>
      <trkpt lat="48.2019300" lon="16.3714540"/>
      <trkpt lat="48.2019460" lon="16.3713840"/>
      <trkpt lat="48.2022610" lon="16.3700280"/>
      <trkpt lat="48.2022940" lon="16.3698750"/>
      <trkpt lat="48.2023120" lon="16.3698050"/>
      <trkpt lat="48.2023200" lon="16.3697720"/>
      <trkpt lat="48.2023460" lon="16.3696660"/>
      <trkpt lat="48.2023930" lon="16.3696990"/>
      <trkpt lat="48.2024690" lon="16.3697570"/>
      <trkpt lat="48.2024930" lon="16.3697740"/>
      <trkpt lat="48.2025630" lon="16.3698130"/>
      <trkpt lat="48.2026470" lon="16.3698610"/>
      <trkpt lat="48.2028410" lon="16.3699620"/>
      <trkpt lat="48.2028840" lon="16.3699030"/>
      <trkpt lat="48.2029230" lon="16.3698940"/>
      <trkpt lat="48.2029910" lon="16.3699100"/>
      <trkpt lat="48.2031200" lon="16.3699720"/>
      <trkpt lat="48.2031200" lon="16.3699720"/>
      <trkpt lat="48.2029910" lon="16.3699100"/>
      <trkpt lat="48.2029360" lon="16.3698460"/>
      <trkpt lat="48.2027770" lon="16.3697610"/>
      <trkpt lat="48.2027170" lon="16.3697290"/>
      <trkpt lat="48.2025960" lon="16.3696890"/>
      <trkpt lat="48.2025460" lon="16.3696600"/>
      <trkpt lat="48.2024840" lon="16.3696050"/>
      <trkpt lat="48.2024610" lon="16.3695630"/>
      <trkpt lat="48.2024470" lon="16.3695180"/>
      <trkpt lat="48.2024410" lon="16.3694990"/>
      <trkpt lat="48.2024350" lon="16.3694520"/>
      <trkpt lat="48.2024320" lon="16.3693860"/>
      <trkpt lat="48.2024340" lon="16.3693120"/>
      <trkpt lat="48.2024410" lon="16.3692810"/>
      <trkpt lat="48.2025100" lon="16.3689670"/>
      <trkpt lat="48.2025640" lon="16.3687200"/>
      <trkpt lat="48.2026320" lon="16.3684100"/>
      <trkpt lat="48.2026600" lon="16.3682830"/>
      <trkpt lat="48.2026710" lon="16.3682320"/>
      <trkpt lat="48.2026900" lon="16.3681440"/>
      <trkpt lat="48.2027010" lon="16.3680950"/>
      <trkpt lat="48.2027220" lon="16.3679860"/>
      <trkpt lat="48.2027440" lon="16.3678700"/>
      <trkpt lat="48.2027910" lon="16.3676340"/>
      <trkpt lat="48.2035030" lon="16.3644500"/>
      <trkpt lat="48.2035370" lon="16.3643370"/>
      <trkpt lat="48.2035810" lon="16.3642310"/>
      <trkpt lat="48.2037040" lon="16.3640540"/>
      <trkpt lat="48.2038220" lon="16.3638870"/>
      <trkpt lat="48.2038680" lon="16.3638180"/>
      <trkpt lat="48.2039360" lon="16.3637180"/>
      <trkpt lat="48.2040040" lon="16.3636270"/>
      <trkpt lat="48.2051010" lon="16.3621680"/>
      <trkpt lat="48.2051420" lon="16.3621140"/>
      <trkpt lat="48.2052270" lon="16.3620040"/>
      <trkpt lat="48.2051950" lon="16.3619520"/>
      <trkpt lat="48.2051660" lon="16.3619040"/>
      <trkpt lat="48.2051040" lon="16.3618090"/>
      <trkpt lat="48.2050300" lon="16.3619050"/>
      <trkpt lat="48.2047070" lon="16.3623350"/>
      <trkpt lat="48.2044390" lon="16.3627010"/>
      <trkpt lat="48.2043400" lon="16.3627910"/>
      <trkpt lat="48.2043140" lon="16.3627440"/>
      <trkpt lat="48.2042730" lon="16.3626780"/>
      <trkpt lat="48.2042460" lon="16.3626360"/>
      <trkpt lat="48.2042240" lon="16.3625990"/>
      <trkpt lat="48.2041240" lon="16.3624340"/>
      <trkpt lat="48.2038640" lon="16.3619870"/>
      <trkpt lat="48.2038640" lon="16.3619870"/>
      <trkpt lat="48.2041240" lon="16.3624340"/>
      <trkpt lat="48.2042240" lon="16.3625990"/>
      <trkpt lat="48.2042460" lon="16.3626360"/>
      <trkpt lat="48.2042730" lon="16.3626780"/>
      <trkpt lat="48.2043140" lon="16.3627440"/>
      <trkpt lat="48.2043400" lon="16.3627910"/>
      <trkpt lat="48.2039140" lon="16.3633600"/>
      <trkpt lat="48.2038780" lon="16.3634090"/>
      <trkpt lat="48.2038210" lon="16.3635160"/>
      <trkpt lat="48.2037220" lon="16.3633500"/>
      <trkpt lat="48.2036100" lon="16.3631630"/>
      <trkpt lat="48.2034050" lon="16.3628190"/>
      <trkpt lat="48.2033700" lon="16.3627600"/>
      <trkpt lat="48.2033250" lon="16.3626840"/>
      <trkpt lat="48.2030350" lon="16.3621980"/>
      <trkpt lat="48.2029730" lon="16.3620930"/>
      <trkpt lat="48.2027040" lon="16.3616330"/>
      <trkpt lat="48.2026600" lon="16.3615580"/>
      <trkpt lat="48.2026470" lon="16.3615380"/>
      <trkpt lat="48.2026330" lon="16.3615160"/>
      <trkpt lat="48.2026050" lon="16.3614740"/>
      <trkpt lat="48.2026440" lon="16.3614220"/>
      <trkpt lat="48.2026560" lon="16.3614060"/>
      <trkpt lat="48.2026980" lon="16.3613460"/>
      <trkpt lat="48.2027480" lon="16.3612760"/>
      <trkpt lat="48.2029220" lon="16.3610360"/>
      <trkpt lat="48.2034880" lon="16.3602820"/>
      <trkpt lat="48.2038910" lon="16.3597480"/>
      <trkpt lat="48.2042960" lon="16.3591990"/>
      <trkpt lat="48.2043480" lon="16.3591280"/>
      <trkpt lat="48.2050570" lon="16.3581720"/>
      <trkpt lat="48.2050850" lon="16.3581350"/>
      <trkpt lat="48.2051360" lon="16.3580740"/>
      <trkpt lat="48.2051650" lon="16.3581240"/>
      <trkpt lat="48.2051820" lon="16.3581540"/>
      <trkpt lat="48.2053560" lon="16.3584440"/>
      <trkpt lat="48.2057590" lon="16.3591070"/>
      <trkpt lat="48.2061490" lon="16.3597810"/>
      <trkpt lat="48.2062620" lon="16.3599770"/>
      <trkpt lat="48.2063120" lon="16.3600650"/>
      <trkpt lat="48.2063470" lon="16.3601290"/>
      <trkpt lat="48.2063760" lon="16.3601830"/>
      <trkpt lat="48.2064060" lon="16.3602340"/>
      <trkpt lat="48.2064240" lon="16.3602510"/>
      <trkpt lat="48.2064430" lon="16.3602690"/>
      <trkpt lat="48.2064560" lon="16.3602780"/>
      <trkpt lat="48.2064800" lon="16.3602910"/>
      <trkpt lat="48.2065120" lon="16.3603040"/>
      <trkpt lat="48.2066120" lon="16.3601790"/>
      <trkpt lat="48.2067840" lon="16.3599560"/>
      <trkpt lat="48.2069190" lon="16.3597780"/>
      <trkpt lat="48.2069660" lon="16.3597280"/>
      <trkpt lat="48.2070140" lon="16.3596970"/>
      <trkpt lat="48.2070590" lon="16.3596790"/>
      <trkpt lat="48.2071010" lon="16.3596740"/>
      <trkpt lat="48.2071430" lon="16.3596770"/>
      <trkpt lat="48.2072590" lon="16.3597130"/>
      <trkpt lat="48.2084330" lon="16.3600660"/>
      <trkpt lat="48.2084580" lon="16.3600740"/>
      <trkpt lat="48.2085910" lon="16.3601150"/>
      <trkpt lat="48.2086650" lon="16.3601350"/>
      <trkpt lat="48.2087590" lon="16.3601650"/>
      <trkpt lat="48.2088780" lon="16.3601990"/>
      <trkpt lat="48.2096570" lon="16.3604260"/>
      <trkpt lat="48.2096500" lon="16.3604940"/>
      <trkpt lat="48.2096410" lon="16.3605800"/>
      <trkpt lat="48.2096360" lon="16.3606260"/>
      <trkpt lat="48.2096320" lon="16.3606660"/>
      <trkpt lat="48.2097450" lon="16.3607030"/>
      <trkpt lat="48.2097840" lon="16.3606990"/>
      <trkpt lat="48.2098640" lon="16.3606910"/>
      <trkpt lat="48.2100300" lon="16.3606970"/>
      <trkpt lat="48.2104970" lon="16.3608350"/>
      <trkpt lat="48.2106980" lon="16.3608940"/>
      <trkpt lat="48.2107770" lon="16.3609310"/>
      <trkpt lat="48.2108630" lon="16.3609830"/>
      <trkpt lat="48.2109810" lon="16.3611030"/>
      <trkpt lat="48.2110910" lon="16.3611100"/>
      <trkpt lat="48.2110970" lon="16.3610440"/>
      <trkpt lat="48.2111030" lon="16.3610020"/>
      <trkpt lat="48.2111130" lon="16.3609250"/>
      <trkpt lat="48.2111230" lon="16.3608580"/>
      <trkpt lat="48.2121190" lon="16.3611450"/>
      <trkpt lat="48.2121290" lon="16.3610730"/>
      <trkpt lat="48.2121410" lon="16.3609870"/>
      <trkpt lat="48.2121540" lon="16.3608930"/>
      <trkpt lat="48.2122450" lon="16.3609190"/>
      <trkpt lat="48.2124750" lon="16.3609880"/>
      <trkpt lat="48.2126990" lon="16.3610490"/>
      <trkpt lat="48.2127130" lon="16.3609710"/>
      <trkpt lat="48.2127310" lon="16.3609130"/>
      <trkpt lat="48.2127410" lon="16.3608900"/>
      <trkpt lat="48.2127540" lon="16.3608730"/>
      <trkpt lat="48.2127670" lon="16.3608640"/>
      <trkpt lat="48.2127830" lon="16.3608600"/>
      <trkpt lat="48.2127980" lon="16.3608600"/>
      <trkpt lat="48.2129440" lon="16.3609010"/>
      <trkpt lat="48.2130040" lon="16.3609190"/>
      <trkpt lat="48.2130810" lon="16.3609410"/>
      <trkpt lat="48.2130950" lon="16.3609450"/>
      <trkpt lat="48.2132110" lon="16.3609780"/>
      <trkpt lat="48.2132430" lon="16.3609930"/>
      <trkpt lat="48.2132580" lon="16.3610100"/>
      <trkpt lat="48.2132690" lon="16.3610300"/>
      <trkpt lat="48.2132770" lon="16.3610620"/>
      <trkpt lat="48.2132810" lon="16.3610880"/>
      <trkpt lat="48.2132830" lon="16.3611210"/>
      <trkpt lat="48.2132810" lon="16.3612160"/>
      <trkpt lat="48.2129760" lon="16.3611290"/>
      <trkpt lat="48.2126990" lon="16.3610490"/>
      <trkpt lat="48.2124750" lon="16.3609880"/>
      <trkpt lat="48.2122450" lon="16.3609190"/>
      <trkpt lat="48.2121540" lon="16.3608930"/>
      <trkpt lat="48.2121630" lon="16.3608260"/>
      <trkpt lat="48.2122040" lon="16.3605020"/>
      <trkpt lat="48.2124020" lon="16.3590430"/>
      <trkpt lat="48.2124100" lon="16.3589840"/>
      <trkpt lat="48.2124350" lon="16.3588010"/>
      <trkpt lat="48.2124520" lon="16.3586700"/>
      <trkpt lat="48.2125340" lon="16.3580570"/>
      <trkpt lat="48.2125500" lon="16.3579340"/>
      <trkpt lat="48.2125630" lon="16.3578330"/>
      <trkpt lat="48.2126360" lon="16.3578550"/>
      <trkpt lat="48.2126530" lon="16.3578600"/>
      <trkpt lat="48.2133900" lon="16.3580840"/>
      <trkpt lat="48.2140890" lon="16.3582880"/>
      <trkpt lat="48.2141230" lon="16.3583000"/>
      <trkpt lat="48.2141950" lon="16.3583190"/>
      <trkpt lat="48.2142080" lon="16.3583230"/>
      <trkpt lat="48.2142240" lon="16.3583250"/>
      <trkpt lat="48.2143110" lon="16.3583370"/>
      <trkpt lat="48.2143820" lon="16.3583200"/>
      <trkpt lat="48.2143600" lon="16.3584770"/>
      <trkpt lat="48.2143500" lon="16.3585480"/>
      <trkpt lat="48.2143160" lon="16.3587650"/>
      <trkpt lat="48.2142920" lon="16.3589040"/>
      <trkpt lat="48.2142200" lon="16.3592880"/>
      <trkpt lat="48.2142110" lon="16.3593790"/>
      <trkpt lat="48.2142050" lon="16.3594060"/>
      <trkpt lat="48.2142010" lon="16.3594280"/>
      <trkpt lat="48.2140750" lon="16.3604240"/>
      <trkpt lat="48.2140660" lon="16.3604770"/>
      <trkpt lat="48.2140640" lon="16.3605660"/>
      <trkpt lat="48.2140670" lon="16.3606450"/>
      <trkpt lat="48.2140760" lon="16.3607140"/>
      <trkpt lat="48.2140890" lon="16.3607900"/>
      <trkpt lat="48.2141090" lon="16.3608640"/>
      <trkpt lat="48.2141350" lon="16.3609400"/>
      <trkpt lat="48.2142850" lon="16.3612960"/>
      <trkpt lat="48.2144360" lon="16.3616200"/>
      <trkpt lat="48.2144510" lon="16.3616560"/>
      <trkpt lat="48.2144680" lon="16.3616890"/>
      <trkpt lat="48.2145080" lon="16.3617700"/>
      <trkpt lat="48.2145980" lon="16.3619500"/>
      <trkpt lat="48.2146340" lon="16.3620260"/>
      <trkpt lat="48.2151290" lon="16.3631110"/>
      <trkpt lat="48.2155380" lon="16.3640290"/>
      <trkpt lat="48.2155830" lon="16.3641290"/>
      <trkpt lat="48.2156330" lon="16.3640760"/>
      <trkpt lat="48.2158000" lon="16.3638970"/>
      <trkpt lat="48.2158360" lon="16.3638580"/>
      <trkpt lat="48.2160370" lon="16.3636500"/>
      <trkpt lat="48.2161420" lon="16.3635420"/>
      <trkpt lat="48.2162410" lon="16.3634370"/>
      <trkpt lat="48.2163270" lon="16.3633470"/>
      <trkpt lat="48.2167730" lon="16.3628790"/>
      <trkpt lat="48.2168340" lon="16.3628140"/>
      <trkpt lat="48.2169070" lon="16.3627330"/>
      <trkpt lat="48.2172780" lon="16.3623180"/>
      <trkpt lat="48.2179460" lon="16.3618140"/>
      <trkpt lat="48.2179960" lon="16.3617790"/>
      <trkpt lat="48.2180520" lon="16.3617410"/>
      <trkpt lat="48.2180860" lon="16.3618360"/>
      <trkpt lat="48.2185070" lon="16.3630880"/>
      <trkpt lat="48.2185290" lon="16.3631530"/>
      <trkpt lat="48.2188330" lon="16.3640560"/>
      <trkpt lat="48.2188670" lon="16.3641340"/>
      <trkpt lat="48.2188750" lon="16.3641530"/>
      <trkpt lat="48.2188830" lon="16.3641720"/>
      <trkpt lat="48.2189100" lon="16.3642310"/>
      <trkpt lat="48.2188100" lon="16.3643310"/>
      <trkpt lat="48.2184710" lon="16.3645750"/>
      <trkpt lat="48.2181250" lon="16.3648060"/>
      <trkpt lat="48.2180620" lon="16.3648220"/>
      <trkpt lat="48.2178040" lon="16.3648990"/>
      <trkpt lat="48.2177830" lon="16.3648540"/>
      <trkpt lat="48.2177750" lon="16.3648360"/>
      <trkpt lat="48.2177650" lon="16.3648160"/>
      <trkpt lat="48.2177430" lon="16.3647690"/>
      <trkpt lat="48.2175280" lon="16.3643060"/>
      <trkpt lat="48.2168730" lon="16.3628990"/>
      <trkpt lat="48.2168340" lon="16.3628140"/>
      <trkpt lat="48.2167880" lon="16.3627110"/>
      <trkpt lat="48.2164090" lon="16.3618620"/>
      <trkpt lat="48.2163570" lon="16.3617450"/>
      <trkpt lat="48.2159060" lon="16.3607790"/>
      <trkpt lat="48.2158890" lon="16.3607420"/>
      <trkpt lat="48.2158550" lon="16.3606720"/>
      <trkpt lat="48.2158160" lon="16.3605870"/>
      <trkpt lat="48.2158100" lon="16.3605750"/>
      <trkpt lat="48.2157920" lon="16.3605580"/>
      <trkpt lat="48.2157360" lon="16.3605080"/>
      <trkpt lat="48.2157080" lon="16.3604830"/>
      <trkpt lat="48.2156270" lon="16.3604120"/>
      <trkpt lat="48.2144270" lon="16.3593300"/>
      <trkpt lat="48.2143580" lon="16.3593170"/>
      <trkpt lat="48.2143020" lon="16.3593130"/>
      <trkpt lat="48.2142200" lon="16.3592880"/>
      <trkpt lat="48.2142110" lon="16.3593790"/>
      <trkpt lat="48.2142050" lon="16.3594060"/>
      <trkpt lat="48.2142010" lon="16.3594280"/>
      <trkpt lat="48.2140750" lon="16.3604240"/>
      <trkpt lat="48.2141500" lon="16.3605270"/>
      <trkpt lat="48.2141830" lon="16.3606300"/>
      <trkpt lat="48.2142580" lon="16.3608650"/>
      <trkpt lat="48.2142930" lon="16.3609540"/>
      <trkpt lat="48.2143370" lon="16.3610460"/>
      <trkpt lat="48.2143820" lon="16.3611350"/>
      <trkpt lat="48.2144020" lon="16.3611690"/>
      <trkpt lat="48.2144220" lon="16.3612020"/>
      <trkpt lat="48.2144430" lon="16.3612320"/>
      <trkpt lat="48.2144660" lon="16.3612600"/>
      <trkpt lat="48.2144940" lon="16.3612760"/>
      <trkpt lat="48.2145810" lon="16.3612220"/>
      <trkpt lat="48.2152960" lon="16.3604080"/>
      <trkpt lat="48.2154700" lon="16.3601120"/>
      <trkpt lat="48.2155620" lon="16.3599100"/>
      <trkpt lat="48.2157330" lon="16.3595080"/>
      <trkpt lat="48.2157330" lon="16.3595080"/>
      <trkpt lat="48.2157870" lon="16.3594030"/>
      <trkpt lat="48.2158360" lon="16.3593810"/>
      <trkpt lat="48.2158870" lon="16.3594000"/>
      <trkpt lat="48.2159340" lon="16.3594600"/>
      <trkpt lat="48.2159760" lon="16.3595140"/>
      <trkpt lat="48.2160450" lon="16.3596300"/>
      <trkpt lat="48.2163070" lon="16.3599920"/>
      <trkpt lat="48.2163270" lon="16.3600210"/>
      <trkpt lat="48.2163450" lon="16.3600470"/>
      <trkpt lat="48.2161600" lon="16.3602220"/>
      <trkpt lat="48.2159980" lon="16.3603700"/>
      <trkpt lat="48.2158770" lon="16.3604320"/>
      <trkpt lat="48.2158480" lon="16.3604450"/>
      <trkpt lat="48.2157860" lon="16.3604770"/>
      <trkpt lat="48.2157360" lon="16.3605080"/>
      <trkpt lat="48.2156320" lon="16.3605830"/>
      <trkpt lat="48.2154810" lon="16.3607120"/>
      <trkpt lat="48.2151230" lon="16.3610570"/>
      <trkpt lat="48.2149850" lon="16.3612250"/>
      <trkpt lat="48.2146310" lon="16.3615930"/>
      <trkpt lat="48.2146100" lon="16.3616190"/>
      <trkpt lat="48.2145540" lon="16.3616850"/>
      <trkpt lat="48.2145080" lon="16.3617700"/>
      <trkpt lat="48.2144270" lon="16.3619500"/>
      <trkpt lat="48.2143940" lon="16.3620100"/>
      <trkpt lat="48.2143590" lon="16.3620650"/>
      <trkpt lat="48.2143230" lon="16.3621080"/>
      <trkpt lat="48.2141370" lon="16.3622950"/>
      <trkpt lat="48.2141010" lon="16.3623380"/>
      <trkpt lat="48.2140430" lon="16.3624110"/>
      <trkpt lat="48.2140240" lon="16.3624360"/>
      <trkpt lat="48.2139710" lon="16.3625040"/>
      <trkpt lat="48.2145250" lon="16.3637260"/>
      <trkpt lat="48.2149930" lon="16.3647600"/>
      <trkpt lat="48.2152260" lon="16.3652740"/>
      <trkpt lat="48.2152400" lon="16.3653040"/>
      <trkpt lat="48.2152970" lon="16.3654290"/>
      <trkpt lat="48.2153510" lon="16.3655480"/>
      <trkpt lat="48.2153670" lon="16.3655820"/>
      <trkpt lat="48.2157410" lon="16.3663970"/>
      <trkpt lat="48.2158800" lon="16.3666970"/>
      <trkpt lat="48.2159330" lon="16.3668140"/>
      <trkpt lat="48.2159780" lon="16.3669130"/>
      <trkpt lat="48.2159950" lon="16.3669480"/>
      <trkpt lat="48.2162470" lon="16.3674980"/>
      <trkpt lat="48.2166240" lon="16.3683160"/>
      <trkpt lat="48.2168660" lon="16.3688400"/>
      <trkpt lat="48.2173360" lon="16.3698530"/>
      <trkpt lat="48.2173840" lon="16.3699570"/>
      <trkpt lat="48.2174330" lon="16.3700770"/>
      <trkpt lat="48.2174680" lon="16.3701940"/>
      <trkpt lat="48.2174790" lon="16.3702350"/>
      <trkpt lat="48.2174890" lon="16.3702740"/>
      <trkpt lat="48.2175120" lon="16.3703840"/>
      <trkpt lat="48.2175230" lon="16.3704560"/>
      <trkpt lat="48.2175300" lon="16.3705050"/>
      <trkpt lat="48.2175370" lon="16.3705790"/>
      <trkpt lat="48.2175410" lon="16.3706560"/>
      <trkpt lat="48.2175410" lon="16.3707270"/>
      <trkpt lat="48.2175390" lon="16.3707970"/>
      <trkpt lat="48.2175340" lon="16.3708640"/>
      <trkpt lat="48.2175260" lon="16.3709330"/>
      <trkpt lat="48.2175110" lon="16.3710230"/>
      <trkpt lat="48.2174940" lon="16.3710950"/>
      <trkpt lat="48.2174710" lon="16.3711670"/>
      <trkpt lat="48.2174480" lon="16.3712270"/>
      <trkpt lat="48.2174230" lon="16.3712790"/>
      <trkpt lat="48.2173510" lon="16.3713910"/>
      <trkpt lat="48.2172760" lon="16.3715040"/>
      <trkpt lat="48.2171040" lon="16.3717350"/>
      <trkpt lat="48.2169830" lon="16.3718830"/>
      <trkpt lat="48.2168710" lon="16.3720050"/>
      <trkpt lat="48.2168410" lon="16.3720400"/>
      <trkpt lat="48.2166420" lon="16.3722560"/>
      <trkpt lat="48.2164430" lon="16.3724580"/>
      <trkpt lat="48.2160800" lon="16.3727960"/>
      <trkpt lat="48.2159280" lon="16.3729230"/>
      <trkpt lat="48.2157760" lon="16.3730440"/>
      <trkpt lat="48.2156450" lon="16.3731440"/>
      <trkpt lat="48.2155130" lon="16.3732400"/>
      <trkpt lat="48.2151920" lon="16.3734550"/>
      <trkpt lat="48.2148710" lon="16.3736620"/>
      <trkpt lat="48.2147850" lon="16.3737170"/>
      <trkpt lat="48.2146510" lon="16.3738000"/>
      <trkpt lat="48.2143680" lon="16.3739780"/>
      <trkpt lat="48.2141960" lon="16.3740950"/>
      <trkpt lat="48.2141500" lon="16.3741310"/>
      <trkpt lat="48.2140740" lon="16.3741970"/>
      <trkpt lat="48.2139980" lon="16.3740590"/>
      <trkpt lat="48.2139490" lon="16.3739860"/>
      <trkpt lat="48.2139320" lon="16.3739610"/>
      <trkpt lat="48.2138960" lon="16.3739030"/>
      <trkpt lat="48.2138680" lon="16.3738540"/>
      <trkpt lat="48.2136550" lon="16.3735400"/>
      <trkpt lat="48.2134500" lon="16.3731910"/>
      <trkpt lat="48.2129350" lon="16.3741420"/>
      <trkpt lat="48.2130710" lon="16.3743700"/>
      <trkpt lat="48.2130870" lon="16.3743960"/>
      <trkpt lat="48.2131900" lon="16.3745710"/>
      <trkpt lat="48.2132040" lon="16.3745920"/>
      <trkpt lat="48.2132420" lon="16.3746700"/>
      <trkpt lat="48.2132490" lon="16.3746830"/>
      <trkpt lat="48.2132550" lon="16.3747020"/>
      <trkpt lat="48.2132890" lon="16.3748030"/>
      <trkpt lat="48.2133140" lon="16.3749220"/>
      <trkpt lat="48.2130750" lon="16.3752120"/>
      <trkpt lat="48.2128840" lon="16.3754660"/>
      <trkpt lat="48.2128190" lon="16.3755730"/>
      <trkpt lat="48.2126580" lon="16.3758220"/>
      <trkpt lat="48.2126400" lon="16.3758540"/>
      <trkpt lat="48.2125100" lon="16.3760870"/>
      <trkpt lat="48.2124360" lon="16.3762110"/>
      <trkpt lat="48.2123430" lon="16.3764240"/>
      <trkpt lat="48.2123150" lon="16.3764860"/>
      <trkpt lat="48.2122760" lon="16.3765750"/>
      <trkpt lat="48.2123460" lon="16.3766300"/>
      <trkpt lat="48.2123690" lon="16.3766440"/>
      <trkpt lat="48.2123940" lon="16.3766660"/>
      <trkpt lat="48.2129400" lon="16.3771670"/>
      <trkpt lat="48.2129610" lon="16.3771850"/>
      <trkpt lat="48.2129720" lon="16.3771940"/>
      <trkpt lat="48.2130320" lon="16.3772430"/>
      <trkpt lat="48.2130920" lon="16.3772750"/>
      <trkpt lat="48.2131150" lon="16.3772970"/>
      <trkpt lat="48.2131460" lon="16.3773250"/>
      <trkpt lat="48.2131740" lon="16.3773490"/>
      <trkpt lat="48.2133100" lon="16.3774680"/>
      <trkpt lat="48.2134960" lon="16.3776230"/>
      <trkpt lat="48.2135070" lon="16.3776980"/>
      <trkpt lat="48.2135210" lon="16.3777900"/>
      <trkpt lat="48.2135340" lon="16.3778730"/>
      <trkpt lat="48.2136100" lon="16.3781260"/>
      <trkpt lat="48.2137190" lon="16.3785590"/>
      <trkpt lat="48.2139180" lon="16.3793580"/>
      <trkpt lat="48.2139540" lon="16.3794940"/>
      <trkpt lat="48.2139730" lon="16.3795690"/>
      <trkpt lat="48.2140160" lon="16.3797310"/>
      <trkpt lat="48.2140250" lon="16.3797600"/>
      <trkpt lat="48.2140760" lon="16.3798980"/>
      <trkpt lat="48.2140880" lon="16.3799300"/>
      <trkpt lat="48.2140340" lon="16.3799080"/>
      <trkpt lat="48.2139010" lon="16.3798530"/>
      <trkpt lat="48.2138460" lon="16.3798310"/>
      <trkpt lat="48.2138370" lon="16.3798270"/>
      <trkpt lat="48.2138070" lon="16.3798150"/>
      <trkpt lat="48.2135420" lon="16.3797090"/>
      <trkpt lat="48.2133590" lon="16.3796200"/>
      <trkpt lat="48.2127930" lon="16.3792910"/>
      <trkpt lat="48.2127280" lon="16.3792190"/>
      <trkpt lat="48.2126630" lon="16.3791680"/>
      <trkpt lat="48.2126320" lon="16.3791440"/>
      <trkpt lat="48.2125880" lon="16.3791170"/>
      <trkpt lat="48.2125260" lon="16.3790840"/>
      <trkpt lat="48.2124600" lon="16.3790520"/>
      <trkpt lat="48.2118260" lon="16.3787430"/>
      <trkpt lat="48.2118130" lon="16.3787370"/>
      <trkpt lat="48.2117520" lon="16.3787090"/>
      <trkpt lat="48.2117080" lon="16.3786880"/>
      <trkpt lat="48.2116660" lon="16.3786680"/>
      <trkpt lat="48.2116570" lon="16.3787080"/>
      <trkpt lat="48.2116510" lon="16.3787350"/>
      <trkpt lat="48.2116420" lon="16.3787740"/>
      <trkpt lat="48.2116060" lon="16.3788860"/>
      <trkpt lat="48.2115550" lon="16.3791300"/>
      <trkpt lat="48.2115230" lon="16.3794170"/>
      <trkpt lat="48.2114950" lon="16.3796900"/>
      <trkpt lat="48.2114860" lon="16.3798320"/>
      <trkpt lat="48.2114820" lon="16.3798990"/>
      <trkpt lat="48.2114780" lon="16.3799700"/>
      <trkpt lat="48.2114680" lon="16.3801780"/>
      <trkpt lat="48.2114340" lon="16.3808040"/>
      <trkpt lat="48.2114200" lon="16.3810640"/>
      <trkpt lat="48.2114050" lon="16.3817350"/>
      <trkpt lat="48.2114010" lon="16.3818990"/>
      <trkpt lat="48.2113870" lon="16.3825070"/>
      <trkpt lat="48.2113790" lon="16.3826610"/>
      <trkpt lat="48.2113750" lon="16.3827140"/>
      <trkpt lat="48.2113650" lon="16.3828670"/>
      <trkpt lat="48.2113550" lon="16.3829870"/>
      <trkpt lat="48.2113520" lon="16.3830250"/>
      <trkpt lat="48.2113370" lon="16.3832290"/>
      <trkpt lat="48.2113070" lon="16.3835790"/>
      <trkpt lat="48.2112440" lon="16.3843250"/>
      <trkpt lat="48.2112340" lon="16.3844500"/>
      <trkpt lat="48.2112050" lon="16.3847800"/>
      <trkpt lat="48.2112110" lon="16.3848670"/>
      <trkpt lat="48.2112180" lon="16.3849310"/>
      <trkpt lat="48.2112300" lon="16.3850010"/>
      <trkpt lat="48.2112500" lon="16.3850700"/>
      <trkpt lat="48.2112770" lon="16.3851410"/>
      <trkpt lat="48.2112990" lon="16.3851910"/>
      <trkpt lat="48.2113150" lon="16.3852290"/>
      <trkpt lat="48.2113640" lon="16.3853200"/>
      <trkpt lat="48.2114150" lon="16.3854370"/>
      <trkpt lat="48.2114870" lon="16.3856090"/>
      <trkpt lat="48.2116340" lon="16.3860500"/>
      <trkpt lat="48.2116870" lon="16.3861700"/>
      <trkpt lat="48.2117720" lon="16.3862910"/>
      <trkpt lat="48.2118260" lon="16.3863580"/>
      <trkpt lat="48.2118710" lon="16.3864050"/>
      <trkpt lat="48.2120920" lon="16.3865690"/>
      <trkpt lat="48.2123220" lon="16.3867160"/>
      <trkpt lat="48.2123640" lon="16.3867510"/>
      <trkpt lat="48.2124060" lon="16.3867940"/>
      <trkpt lat="48.2124690" lon="16.3868740"/>
      <trkpt lat="48.2125060" lon="16.3869300"/>
      <trkpt lat="48.2125280" lon="16.3869680"/>
      <trkpt lat="48.2125730" lon="16.3870620"/>
      <trkpt lat="48.2126250" lon="16.3872070"/>
      <trkpt lat="48.2126740" lon="16.3873650"/>
      <trkpt lat="48.2127300" lon="16.3875730"/>
      <trkpt lat="48.2127920" lon="16.3878250"/>
      <trkpt lat="48.2128590" lon="16.3881870"/>
      <trkpt lat="48.2129050" lon="16.3884880"/>
      <trkpt lat="48.2129300" lon="16.3886770"/>
      <trkpt lat="48.2129470" lon="16.3888470"/>
      <trkpt lat="48.2129590" lon="16.3890100"/>
      <trkpt lat="48.2129450" lon="16.3892070"/>
      <trkpt lat="48.2129400" lon="16.3895540"/>
      <trkpt lat="48.2129330" lon="16.3898280"/>
      <trkpt lat="48.2129150" lon="16.3900590"/>
      <trkpt lat="48.2128830" lon="16.3903660"/>
      <trkpt lat="48.2128470" lon="16.3906220"/>
      <trkpt lat="48.2127950" lon="16.3908910"/>
      <trkpt lat="48.2127930" lon="16.3909010"/>
      <trkpt lat="48.2127770" lon="16.3909770"/>
      <trkpt lat="48.2127510" lon="16.3911050"/>
      <trkpt lat="48.2127470" lon="16.3911240"/>
      <trkpt lat="48.2127440" lon="16.3911400"/>
      <trkpt lat="48.2127200" lon="16.3912750"/>
      <trkpt lat="48.2126880" lon="16.3914080"/>
      <trkpt lat="48.2126400" lon="16.3915780"/>
      <trkpt lat="48.2125730" lon="16.3917990"/>
      <trkpt lat="48.2124550" lon="16.3921430"/>
      <trkpt lat="48.2124070" lon="16.3922870"/>
      <trkpt lat="48.2123500" lon="16.3924340"/>
      <trkpt lat="48.2122780" lon="16.3925970"/>
      <trkpt lat="48.2121550" lon="16.3928420"/>
      <trkpt lat="48.2120530" lon="16.3930200"/>
      <trkpt lat="48.2118860" lon="16.3932820"/>
      <trkpt lat="48.2117530" lon="16.3934420"/>
      <trkpt lat="48.2115320" lon="16.3937110"/>
      <trkpt lat="48.2113940" lon="16.3939160"/>
      <trkpt lat="48.2113840" lon="16.3939310"/>
      <trkpt lat="48.2113620" lon="16.3939620"/>
      <trkpt lat="48.2111920" lon="16.3941400"/>
      <trkpt lat="48.2110400" lon="16.3942720"/>
      <trkpt lat="48.2109820" lon="16.3941500"/>
      <trkpt lat="48.2106710" lon="16.3934700"/>
      <trkpt lat="48.2110550" lon="16.3930880"/>
      <trkpt lat="48.2119230" lon="16.3922270"/>
      <trkpt lat="48.2120580" lon="16.3919680"/>
      <trkpt lat="48.2120710" lon="16.3918890"/>
      <trkpt lat="48.2122080" lon="16.3910070"/>
      <trkpt lat="48.2122230" lon="16.3909120"/>
      <trkpt lat="48.2122250" lon="16.3908950"/>
      <trkpt lat="48.2126400" lon="16.3910770"/>
      <trkpt lat="48.2126700" lon="16.3910900"/>
      <trkpt lat="48.2127470" lon="16.3911240"/>
      <trkpt lat="48.2127660" lon="16.3911500"/>
      <trkpt lat="48.2127800" lon="16.3911730"/>
      <trkpt lat="48.2127990" lon="16.3912020"/>
      <trkpt lat="48.2128160" lon="16.3912200"/>
      <trkpt lat="48.2135070" lon="16.3915340"/>
      <trkpt lat="48.2135140" lon="16.3915380"/>
      <trkpt lat="48.2135970" lon="16.3915960"/>
      <trkpt lat="48.2136630" lon="16.3916370"/>
      <trkpt lat="48.2136910" lon="16.3916440"/>
      <trkpt lat="48.2137320" lon="16.3916470"/>
      <trkpt lat="48.2137670" lon="16.3916490"/>
      <trkpt lat="48.2138800" lon="16.3916350"/>
      <trkpt lat="48.2139460" lon="16.3916270"/>
      <trkpt lat="48.2140590" lon="16.3915810"/>
      <trkpt lat="48.2141420" lon="16.3915460"/>
      <trkpt lat="48.2144660" lon="16.3914640"/>
      <trkpt lat="48.2154560" lon="16.3912440"/>
      <trkpt lat="48.2161260" lon="16.3910920"/>
      <trkpt lat="48.2162420" lon="16.3910910"/>
      <trkpt lat="48.2163300" lon="16.3910980"/>
      <trkpt lat="48.2164290" lon="16.3911280"/>
      <trkpt lat="48.2165090" lon="16.3911700"/>
      <trkpt lat="48.2166410" lon="16.3912770"/>
      <trkpt lat="48.2166680" lon="16.3913060"/>
      <trkpt lat="48.2167220" lon="16.3913630"/>
      <trkpt lat="48.2167850" lon="16.3914780"/>
      <trkpt lat="48.2168110" lon="16.3915390"/>
      <trkpt lat="48.2168430" lon="16.3916150"/>
      <trkpt lat="48.2168700" lon="16.3917000"/>
      <trkpt lat="48.2168870" lon="16.3917740"/>
      <trkpt lat="48.2169270" lon="16.3921180"/>
      <trkpt lat="48.2169190" lon="16.3923220"/>
      <trkpt lat="48.2169150" lon="16.3924310"/>
      <trkpt lat="48.2169270" lon="16.3925580"/>
      <trkpt lat="48.2169460" lon="16.3926810"/>
      <trkpt lat="48.2169840" lon="16.3928170"/>
      <trkpt lat="48.2170940" lon="16.3930760"/>
      <trkpt lat="48.2171890" lon="16.3931970"/>
      <trkpt lat="48.2172580" lon="16.3932640"/>
      <trkpt lat="48.2174070" lon="16.3933700"/>
      <trkpt lat="48.2175900" lon="16.3934500"/>
      <trkpt lat="48.2177820" lon="16.3935170"/>
      <trkpt lat="48.2178440" lon="16.3935320"/>
      <trkpt lat="48.2178760" lon="16.3936400"/>
      <trkpt lat="48.2178920" lon="16.3936750"/>
      <trkpt lat="48.2179210" lon="16.3938040"/>
      <trkpt lat="48.2179270" lon="16.3939620"/>
      <trkpt lat="48.2179520" lon="16.3942100"/>
      <trkpt lat="48.2179510" lon="16.3942790"/>
      <trkpt lat="48.2179000" lon="16.3942770"/>
      <trkpt lat="48.2178600" lon="16.3942790"/>
      <trkpt lat="48.2178300" lon="16.3942990"/>
      <trkpt lat="48.2178150" lon="16.3943330"/>
      <trkpt lat="48.2177920" lon="16.3944140"/>
      <trkpt lat="48.2177750" lon="16.3945290"/>
      <trkpt lat="48.2177700" lon="16.3946500"/>
      <trkpt lat="48.2177620" lon="16.3948080"/>
      <trkpt lat="48.2177190" lon="16.3949800"/>
      <trkpt lat="48.2177050" lon="16.3950440"/>
      <trkpt lat="48.2177070" lon="16.3950810"/>
      <trkpt lat="48.2177230" lon="16.3951070"/>
      <trkpt lat="48.2177730" lon="16.3951360"/>
      <trkpt lat="48.2178180" lon="16.3951360"/>
      <trkpt lat="48.2178180" lon="16.3956950"/>
      <trkpt lat="48.2178180" lon="16.3960130"/>
      <trkpt lat="48.2178180" lon="16.3966530"/>
      <trkpt lat="48.2178160" lon="16.3970670"/>
      <trkpt lat="48.2178690" lon="16.3970650"/>
      <trkpt lat="48.2178920" lon="16.3970640"/>
      <trkpt lat="48.2179190" lon="16.3970580"/>
      <trkpt lat="48.2179670" lon="16.3970520"/>
      <trkpt lat="48.2179690" lon="16.3968640"/>
      <trkpt lat="48.2179690" lon="16.3960160"/>
      <trkpt lat="48.2179670" lon="16.3951150"/>
      <trkpt lat="48.2179470" lon="16.3949740"/>
      <trkpt lat="48.2179510" lon="16.3942790"/>
      <trkpt lat="48.2179520" lon="16.3942100"/>
      <trkpt lat="48.2180150" lon="16.3938950"/>
      <trkpt lat="48.2180670" lon="16.3938060"/>
      <trkpt lat="48.2181320" lon="16.3937060"/>
      <trkpt lat="48.2182840" lon="16.3935540"/>
      <trkpt lat="48.2187970" lon="16.3934650"/>
      <trkpt lat="48.2192620" lon="16.3935090"/>
      <trkpt lat="48.2193430" lon="16.3935380"/>
      <trkpt lat="48.2194560" lon="16.3935930"/>
      <trkpt lat="48.2195670" lon="16.3937030"/>
      <trkpt lat="48.2196830" lon="16.3938770"/>
      <trkpt lat="48.2197270" lon="16.3939600"/>
      <trkpt lat="48.2200960" lon="16.3946410"/>
      <trkpt lat="48.2201440" lon="16.3947290"/>
      <trkpt lat="48.2203390" lon="16.3950870"/>
      <trkpt lat="48.2203750" lon="16.3951530"/>
      <trkpt lat="48.2205570" lon="16.3954930"/>
      <trkpt lat="48.2205920" lon="16.3955580"/>
      <trkpt lat="48.2206760" lon="16.3957150"/>
      <trkpt lat="48.2215300" lon="16.3972990"/>
      <trkpt lat="48.2219810" lon="16.3981340"/>
      <trkpt lat="48.2222850" lon="16.3986980"/>
      <trkpt lat="48.2223590" lon="16.3988360"/>
      <trkpt lat="48.2224130" lon="16.3989370"/>
      <trkpt lat="48.2231820" lon="16.4003870"/>
      <trkpt lat="48.2232090" lon="16.4004370"/>
      <trkpt lat="48.2237760" lon="16.4014540"/>
      <trkpt lat="48.2239190" lon="16.4017130"/>
      <trkpt lat="48.2239570" lon="16.4017800"/>
      <trkpt lat="48.2240140" lon="16.4018890"/>
      <trkpt lat="48.2240310" lon="16.4019210"/>
      <trkpt lat="48.2240440" lon="16.4019450"/>
      <trkpt lat="48.2241080" lon="16.4020560"/>
      <trkpt lat="48.2242050" lon="16.4022260"/>
      <trkpt lat="48.2243630" lon="16.4025230"/>
      <trkpt lat="48.2246450" lon="16.4030580"/>
      <trkpt lat="48.2246740" lon="16.4033040"/>
      <trkpt lat="48.2246790" lon="16.4033680"/>
      <trkpt lat="48.2246770" lon="16.4034370"/>
      <trkpt lat="48.2246660" lon="16.4035140"/>
      <trkpt lat="48.2246450" lon="16.4035950"/>
      <trkpt lat="48.2245620" lon="16.4038290"/>
      <trkpt lat="48.2245390" lon="16.4039130"/>
      <trkpt lat="48.2245270" lon="16.4039870"/>
      <trkpt lat="48.2245250" lon="16.4040480"/>
      <trkpt lat="48.2245320" lon="16.4041120"/>
      <trkpt lat="48.2245500" lon="16.4041790"/>
      <trkpt lat="48.2245770" lon="16.4042320"/>
      <trkpt lat="48.2246450" lon="16.4043110"/>
      <trkpt lat="48.2247570" lon="16.4045220"/>
      <trkpt lat="48.2251880" lon="16.4053190"/>
      <trkpt lat="48.2252120" lon="16.4053640"/>
      <trkpt lat="48.2252900" lon="16.4055020"/>
      <trkpt lat="48.2253570" lon="16.4056230"/>
      <trkpt lat="48.2254460" lon="16.4055130"/>
      <trkpt lat="48.2257840" lon="16.4050710"/>
      <trkpt lat="48.2260520" lon="16.4047120"/>
      <trkpt lat="48.2261450" lon="16.4046700"/>
      <trkpt lat="48.2261670" lon="16.4046600"/>
      <trkpt lat="48.2262100" lon="16.4046440"/>
      <trkpt lat="48.2262500" lon="16.4046600"/>
      <trkpt lat="48.2262900" lon="16.4046980"/>
      <trkpt lat="48.2263650" lon="16.4047890"/>
      <trkpt lat="48.2263850" lon="16.4047590"/>
      <trkpt lat="48.2264120" lon="16.4047190"/>
      <trkpt lat="48.2264620" lon="16.4047340"/>
      <trkpt lat="48.2264970" lon="16.4047380"/>
      <trkpt lat="48.2265390" lon="16.4047180"/>
      <trkpt lat="48.2265830" lon="16.4046890"/>
      <trkpt lat="48.2266490" lon="16.4046290"/>
      <trkpt lat="48.2270360" lon="16.4042190"/>
      <trkpt lat="48.2272110" lon="16.4041720"/>
      <trkpt lat="48.2271520" lon="16.4044230"/>
      <trkpt lat="48.2269930" lon="16.4046300"/>
      <trkpt lat="48.2270030" lon="16.4048430"/>
      <trkpt lat="48.2266840" lon="16.4052620"/>
      <trkpt lat="48.2264310" lon="16.4055930"/>
      <trkpt lat="48.2262250" lon="16.4058630"/>
      <trkpt lat="48.2259070" lon="16.4062870"/>
      <trkpt lat="48.2258960" lon="16.4063020"/>
      <trkpt lat="48.2254710" lon="16.4068700"/>
      <trkpt lat="48.2251920" lon="16.4072420"/>
      <trkpt lat="48.2249580" lon="16.4075550"/>
      <trkpt lat="48.2246450" lon="16.4079730"/>
      <trkpt lat="48.2244180" lon="16.4082760"/>
      <trkpt lat="48.2244180" lon="16.4082760"/>
      <trkpt lat="48.2243640" lon="16.4083930"/>
      <trkpt lat="48.2242890" lon="16.4085020"/>
      <trkpt lat="48.2242110" lon="16.4085490"/>
      <trkpt lat="48.2238830" lon="16.4089790"/>
      <trkpt lat="48.2236130" lon="16.4093340"/>
      <trkpt lat="48.2235870" lon="16.4093680"/>
      <trkpt lat="48.2231380" lon="16.4099570"/>
      <trkpt lat="48.2230220" lon="16.4100380"/>
      <trkpt lat="48.2228750" lon="16.4101100"/>
      <trkpt lat="48.2228050" lon="16.4101710"/>
      <trkpt lat="48.2226840" lon="16.4103370"/>
      <trkpt lat="48.2225260" lon="16.4105520"/>
      <trkpt lat="48.2224540" lon="16.4105630"/>
      <trkpt lat="48.2223750" lon="16.4106260"/>
      <trkpt lat="48.2223140" lon="16.4106350"/>
      <trkpt lat="48.2222260" lon="16.4106070"/>
      <trkpt lat="48.2222110" lon="16.4105450"/>
      <trkpt lat="48.2222160" lon="16.4104430"/>
      <trkpt lat="48.2222350" lon="16.4102860"/>
      <trkpt lat="48.2222790" lon="16.4101340"/>
      <trkpt lat="48.2223220" lon="16.4100170"/>
      <trkpt lat="48.2223930" lon="16.4098460"/>
      <trkpt lat="48.2224700" lon="16.4096930"/>
      <trkpt lat="48.2228290" lon="16.4091970"/>
      <trkpt lat="48.2232990" lon="16.4085690"/>
      <trkpt lat="48.2233170" lon="16.4085450"/>
      <trkpt lat="48.2233850" lon="16.4084550"/>
      <trkpt lat="48.2236920" lon="16.4080560"/>
      <trkpt lat="48.2242910" lon="16.4072890"/>
      <trkpt lat="48.2243470" lon="16.4072170"/>
      <trkpt lat="48.2244680" lon="16.4070620"/>
      <trkpt lat="48.2246680" lon="16.4068670"/>
      <trkpt lat="48.2247620" lon="16.4068570"/>
      <trkpt lat="48.2248690" lon="16.4068130"/>
      <trkpt lat="48.2249710" lon="16.4066280"/>
      <trkpt lat="48.2250170" lon="16.4065170"/>
      <trkpt lat="48.2253000" lon="16.4062240"/>
      <trkpt lat="48.2254600" lon="16.4060620"/>
      <trkpt lat="48.2255210" lon="16.4059620"/>
      <trkpt lat="48.2254690" lon="16.4058620"/>
      <trkpt lat="48.2254430" lon="16.4058120"/>
      <trkpt lat="48.2254400" lon="16.4058060"/>
      <trkpt lat="48.2254350" lon="16.4057750"/>
      <trkpt lat="48.2254310" lon="16.4057360"/>
      <trkpt lat="48.2254290" lon="16.4057010"/>
      <trkpt lat="48.2254310" lon="16.4056600"/>
      <trkpt lat="48.2254460" lon="16.4055130"/>
      <trkpt lat="48.2257840" lon="16.4050710"/>
      <trkpt lat="48.2260520" lon="16.4047120"/>
      <trkpt lat="48.2261850" lon="16.4045330"/>
      <trkpt lat="48.2262210" lon="16.4044840"/>
      <trkpt lat="48.2263500" lon="16.4043000"/>
      <trkpt lat="48.2269040" lon="16.4035070"/>
      <trkpt lat="48.2270450" lon="16.4033090"/>
      <trkpt lat="48.2273430" lon="16.4028430"/>
      <trkpt lat="48.2274100" lon="16.4027580"/>
      <trkpt lat="48.2279080" lon="16.4021220"/>
      <trkpt lat="48.2280390" lon="16.4019510"/>
      <trkpt lat="48.2286890" lon="16.4011060"/>
      <trkpt lat="48.2287510" lon="16.4010240"/>
      <trkpt lat="48.2288040" lon="16.4009570"/>
      <trkpt lat="48.2288440" lon="16.4009080"/>
      <trkpt lat="48.2313260" lon="16.3978430"/>
      <trkpt lat="48.2327150" lon="16.3961740"/>
      <trkpt lat="48.2330020" lon="16.3958240"/>
      <trkpt lat="48.2333450" lon="16.3954160"/>
      <trkpt lat="48.2339540" lon="16.3946860"/>
      <trkpt lat="48.2341470" lon="16.3944570"/>
      <trkpt lat="48.2342810" lon="16.3942630"/>
      <trkpt lat="48.2342850" lon="16.3942570"/>
      <trkpt lat="48.2343500" lon="16.3941520"/>
      <trkpt lat="48.2344920" lon="16.3940930"/>
      <trkpt lat="48.2346380" lon="16.3939330"/>
      <trkpt lat="48.2356220" lon="16.3927950"/>
      <trkpt lat="48.2360810" lon="16.3922690"/>
      <trkpt lat="48.2361660" lon="16.3921860"/>
      <trkpt lat="48.2362640" lon="16.3921190"/>
      <trkpt lat="48.2363950" lon="16.3920680"/>
      <trkpt lat="48.2365400" lon="16.3920940"/>
      <trkpt lat="48.2366680" lon="16.3921690"/>
      <trkpt lat="48.2367750" lon="16.3922660"/>
      <trkpt lat="48.2368610" lon="16.3923830"/>
      <trkpt lat="48.2370220" lon="16.3926890"/>
      <trkpt lat="48.2371210" lon="16.3927590"/>
      <trkpt lat="48.2385050" lon="16.3955290"/>
      <trkpt lat="48.2388600" lon="16.3962410"/>
      <trkpt lat="48.2390580" lon="16.3966660"/>
      <trkpt lat="48.2392040" lon="16.3970200"/>
      <trkpt lat="48.2393200" lon="16.3973250"/>
      <trkpt lat="48.2394450" lon="16.3977020"/>
      <trkpt lat="48.2395410" lon="16.3980230"/>
      <trkpt lat="48.2396080" lon="16.3982100"/>
      <trkpt lat="48.2396870" lon="16.3985380"/>
      <trkpt lat="48.2397530" lon="16.3988600"/>
      <trkpt lat="48.2398130" lon="16.3992100"/>
      <trkpt lat="48.2398780" lon="16.3996800"/>
      <trkpt lat="48.2400530" lon="16.4009820"/>
      <trkpt lat="48.2402470" lon="16.4025330"/>
      <trkpt lat="48.2403430" lon="16.4031840"/>
      <trkpt lat="48.2404330" lon="16.4037080"/>
      <trkpt lat="48.2405160" lon="16.4041790"/>
      <trkpt lat="48.2405860" lon="16.4044870"/>
      <trkpt lat="48.2406800" lon="16.4047900"/>
      <trkpt lat="48.2407490" lon="16.4049580"/>
      <trkpt lat="48.2408680" lon="16.4052070"/>
      <trkpt lat="48.2410270" lon="16.4055220"/>
      <trkpt lat="48.2412020" lon="16.4058900"/>
      <trkpt lat="48.2412680" lon="16.4060730"/>
      <trkpt lat="48.2413560" lon="16.4063430"/>
      <trkpt lat="48.2414560" lon="16.4066660"/>
      <trkpt lat="48.2415060" lon="16.4069400"/>
      <trkpt lat="48.2416450" lon="16.4076620"/>
      <trkpt lat="48.2417870" lon="16.4081940"/>
      <trkpt lat="48.2418440" lon="16.4084190"/>
      <trkpt lat="48.2418960" lon="16.4086010"/>
      <trkpt lat="48.2419130" lon="16.4086380"/>
      <trkpt lat="48.2419280" lon="16.4086690"/>
      <trkpt lat="48.2419670" lon="16.4087130"/>
      <trkpt lat="48.2420070" lon="16.4088320"/>
      <trkpt lat="48.2419640" lon="16.4088610"/>
      <trkpt lat="48.2418080" lon="16.4089630"/>
      <trkpt lat="48.2415440" lon="16.4091880"/>
      <trkpt lat="48.2413150" lon="16.4094070"/>
      <trkpt lat="48.2410360" lon="16.4096860"/>
      <trkpt lat="48.2408310" lon="16.4099260"/>
      <trkpt lat="48.2407810" lon="16.4099920"/>
      <trkpt lat="48.2407230" lon="16.4100550"/>
      <trkpt lat="48.2406820" lon="16.4101000"/>
      <trkpt lat="48.2406370" lon="16.4101490"/>
      <trkpt lat="48.2405840" lon="16.4102490"/>
      <trkpt lat="48.2403300" lon="16.4107330"/>
      <trkpt lat="48.2406370" lon="16.4101490"/>
      <trkpt lat="48.2406820" lon="16.4101000"/>
      <trkpt lat="48.2407230" lon="16.4100550"/>
      <trkpt lat="48.2407810" lon="16.4099920"/>
      <trkpt lat="48.2408310" lon="16.4099260"/>
      <trkpt lat="48.2410360" lon="16.4096860"/>
      <trkpt lat="48.2413150" lon="16.4094070"/>
      <trkpt lat="48.2415440" lon="16.4091880"/>
      <trkpt lat="48.2418080" lon="16.4089630"/>
      <trkpt lat="48.2419640" lon="16.4088610"/>
      <trkpt lat="48.2420070" lon="16.4088320"/>
      <trkpt lat="48.2420630" lon="16.4089880"/>
      <trkpt lat="48.2421600" lon="16.4092130"/>
      <trkpt lat="48.2423500" lon="16.4096500"/>
      <trkpt lat="48.2424810" lon="16.4098930"/>
      <trkpt lat="48.2427070" lon="16.4103120"/>
      <trkpt lat="48.2430970" lon="16.4109430"/>
      <trkpt lat="48.2432350" lon="16.4111650"/>
      <trkpt lat="48.2432980" lon="16.4112680"/>
      <trkpt lat="48.2433510" lon="16.4113330"/>
      <trkpt lat="48.2436070" lon="16.4116330"/>
      <trkpt lat="48.2437670" lon="16.4117890"/>
      <trkpt lat="48.2439000" lon="16.4119180"/>
      <trkpt lat="48.2439240" lon="16.4119420"/>
      <trkpt lat="48.2440220" lon="16.4120370"/>
      <trkpt lat="48.2440900" lon="16.4121030"/>
      <trkpt lat="48.2435080" lon="16.4134690"/>
      <trkpt lat="48.2432070" lon="16.4141710"/>
      <trkpt lat="48.2431510" lon="16.4143050"/>
      <trkpt lat="48.2431300" lon="16.4143550"/>
      <trkpt lat="48.2430090" lon="16.4146380"/>
      <trkpt lat="48.2428650" lon="16.4149730"/>
      <trkpt lat="48.2426520" lon="16.4154240"/>
      <trkpt lat="48.2421660" lon="16.4164550"/>
      <trkpt lat="48.2421410" lon="16.4165090"/>
      <trkpt lat="48.2420980" lon="16.4166010"/>
      <trkpt lat="48.2420690" lon="16.4166630"/>
      <trkpt lat="48.2420160" lon="16.4167770"/>
      <trkpt lat="48.2419060" lon="16.4170160"/>
      <trkpt lat="48.2412280" lon="16.4184810"/>
      <trkpt lat="48.2410240" lon="16.4189080"/>
      <trkpt lat="48.2403940" lon="16.4202260"/>
      <trkpt lat="48.2402400" lon="16.4205480"/>
      <trkpt lat="48.2400130" lon="16.4209750"/>
      <trkpt lat="48.2399300" lon="16.4211280"/>
      <trkpt lat="48.2398980" lon="16.4211900"/>
      <trkpt lat="48.2396790" lon="16.4215640"/>
      <trkpt lat="48.2391900" lon="16.4222990"/>
      <trkpt lat="48.2384800" lon="16.4231760"/>
      <trkpt lat="48.2384200" lon="16.4232490"/>
      <trkpt lat="48.2382020" lon="16.4235080"/>
      <trkpt lat="48.2381710" lon="16.4235440"/>
      <trkpt lat="48.2379990" lon="16.4237540"/>
      <trkpt lat="48.2378760" lon="16.4239190"/>
      <trkpt lat="48.2377590" lon="16.4240520"/>
      <trkpt lat="48.2376340" lon="16.4241980"/>
      <trkpt lat="48.2375090" lon="16.4243430"/>
      <trkpt lat="48.2373630" lon="16.4245130"/>
      <trkpt lat="48.2369980" lon="16.4249390"/>
      <trkpt lat="48.2369150" lon="16.4250360"/>
      <trkpt lat="48.2368760" lon="16.4250840"/>
      <trkpt lat="48.2368210" lon="16.4249720"/>
      <trkpt lat="48.2366610" lon="16.4246590"/>
      <trkpt lat="48.2363670" lon="16.4241320"/>
      <trkpt lat="48.2353560" lon="16.4222720"/>
      <trkpt lat="48.2352870" lon="16.4221490"/>
      <trkpt lat="48.2348110" lon="16.4212590"/>
      <trkpt lat="48.2347670" lon="16.4211320"/>
      <trkpt lat="48.2347320" lon="16.4210440"/>
      <trkpt lat="48.2345770" lon="16.4207750"/>
      <trkpt lat="48.2345540" lon="16.4207250"/>
      <trkpt lat="48.2345470" lon="16.4207090"/>
      <trkpt lat="48.2345370" lon="16.4206890"/>
      <trkpt lat="48.2345200" lon="16.4206520"/>
      <trkpt lat="48.2345050" lon="16.4206170"/>
      <trkpt lat="48.2345280" lon="16.4205900"/>
      <trkpt lat="48.2347270" lon="16.4203610"/>
      <trkpt lat="48.2349290" lon="16.4201490"/>
      <trkpt lat="48.2349580" lon="16.4201180"/>
      <trkpt lat="48.2349810" lon="16.4201380"/>
      <trkpt lat="48.2350060" lon="16.4201480"/>
      <trkpt lat="48.2350330" lon="16.4201470"/>
      <trkpt lat="48.2350560" lon="16.4201380"/>
      <trkpt lat="48.2350770" lon="16.4201200"/>
      <trkpt lat="48.2350950" lon="16.4200950"/>
      <trkpt lat="48.2351110" lon="16.4200510"/>
      <trkpt lat="48.2351160" lon="16.4200020"/>
      <trkpt lat="48.2351100" lon="16.4199530"/>
      <trkpt lat="48.2350940" lon="16.4199100"/>
      <trkpt lat="48.2350710" lon="16.4198790"/>
      <trkpt lat="48.2350410" lon="16.4198600"/>
      <trkpt lat="48.2350170" lon="16.4198560"/>
      <trkpt lat="48.2349930" lon="16.4198620"/>
      <trkpt lat="48.2349700" lon="16.4198760"/>
      <trkpt lat="48.2349450" lon="16.4199060"/>
      <trkpt lat="48.2349290" lon="16.4199460"/>
      <trkpt lat="48.2349210" lon="16.4199920"/>
      <trkpt lat="48.2345130" lon="16.4204650"/>
      <trkpt lat="48.2344800" lon="16.4205040"/>
      <trkpt lat="48.2344610" lon="16.4205270"/>
      <trkpt lat="48.2344240" lon="16.4205720"/>
      <trkpt lat="48.2343510" lon="16.4204410"/>
      <trkpt lat="48.2340540" lon="16.4198550"/>
      <trkpt lat="48.2335330" lon="16.4188850"/>
      <trkpt lat="48.2334700" lon="16.4187680"/>
      <trkpt lat="48.2331130" lon="16.4181170"/>
      <trkpt lat="48.2327290" lon="16.4174160"/>
      <trkpt lat="48.2325810" lon="16.4171380"/>
      <trkpt lat="48.2325550" lon="16.4171210"/>
      <trkpt lat="48.2323640" lon="16.4169960"/>
      <trkpt lat="48.2321770" lon="16.4166520"/>
      <trkpt lat="48.2319050" lon="16.4161550"/>
      <trkpt lat="48.2317970" lon="16.4159590"/>
      <trkpt lat="48.2317430" lon="16.4158590"/>
      <trkpt lat="48.2312890" lon="16.4150510"/>
      <trkpt lat="48.2305870" lon="16.4138090"/>
      <trkpt lat="48.2305380" lon="16.4137190"/>
      <trkpt lat="48.2282120" lon="16.4094130"/>
      <trkpt lat="48.2281090" lon="16.4092230"/>
      <trkpt lat="48.2256920" lon="16.4047470"/>
      <trkpt lat="48.2252020" lon="16.4038330"/>
      <trkpt lat="48.2247310" lon="16.4029470"/>
      <trkpt lat="48.2245410" lon="16.4025890"/>
      <trkpt lat="48.2244010" lon="16.4023290"/>
      <trkpt lat="48.2242340" lon="16.4020170"/>
      <trkpt lat="48.2242000" lon="16.4019510"/>
      <trkpt lat="48.2241690" lon="16.4018920"/>
      <trkpt lat="48.2241370" lon="16.4018390"/>
      <trkpt lat="48.2241230" lon="16.4018190"/>
      <trkpt lat="48.2240310" lon="16.4019210"/>
      <trkpt lat="48.2239660" lon="16.4019920"/>
      <trkpt lat="48.2239220" lon="16.4020390"/>
      <trkpt lat="48.2238820" lon="16.4020820"/>
      <trkpt lat="48.2238660" lon="16.4021030"/>
      <trkpt lat="48.2236400" lon="16.4023990"/>
      <trkpt lat="48.2235630" lon="16.4025000"/>
      <trkpt lat="48.2234520" lon="16.4026400"/>
      <trkpt lat="48.2234090" lon="16.4026980"/>
      <trkpt lat="48.2233540" lon="16.4027720"/>
      <trkpt lat="48.2232280" lon="16.4029390"/>
      <trkpt lat="48.2229050" lon="16.4033600"/>
      <trkpt lat="48.2228520" lon="16.4034310"/>
      <trkpt lat="48.2227890" lon="16.4035150"/>
      <trkpt lat="48.2227010" lon="16.4036300"/>
      <trkpt lat="48.2224420" lon="16.4039760"/>
      <trkpt lat="48.2221960" lon="16.4042950"/>
      <trkpt lat="48.2221860" lon="16.4042780"/>
      <trkpt lat="48.2221510" lon="16.4042190"/>
      <trkpt lat="48.2221320" lon="16.4041870"/>
      <trkpt lat="48.2221780" lon="16.4041280"/>
      <trkpt lat="48.2225120" lon="16.4036950"/>
      <trkpt lat="48.2225770" lon="16.4036160"/>
      <trkpt lat="48.2226170" lon="16.4035810"/>
      <trkpt lat="48.2226640" lon="16.4035680"/>
      <trkpt lat="48.2226900" lon="16.4036100"/>
      <trkpt lat="48.2227010" lon="16.4036300"/>
      <trkpt lat="48.2227890" lon="16.4035150"/>
      <trkpt lat="48.2228520" lon="16.4034310"/>
      <trkpt lat="48.2229050" lon="16.4033600"/>
      <trkpt lat="48.2232280" lon="16.4029390"/>
      <trkpt lat="48.2233540" lon="16.4027720"/>
      <trkpt lat="48.2234090" lon="16.4026980"/>
      <trkpt lat="48.2234520" lon="16.4026400"/>
      <trkpt lat="48.2235630" lon="16.4025000"/>
      <trkpt lat="48.2236400" lon="16.4023990"/>
      <trkpt lat="48.2238660" lon="16.4021030"/>
      <trkpt lat="48.2238820" lon="16.4020820"/>
      <trkpt lat="48.2239220" lon="16.4020390"/>
      <trkpt lat="48.2239660" lon="16.4019920"/>
      <trkpt lat="48.2240310" lon="16.4019210"/>
      <trkpt lat="48.2240440" lon="16.4019450"/>
      <trkpt lat="48.2241080" lon="16.4020560"/>
      <trkpt lat="48.2242050" lon="16.4022260"/>
      <trkpt lat="48.2243440" lon="16.4024860"/>
      <trkpt lat="48.2243630" lon="16.4025230"/>
      <trkpt lat="48.2246450" lon="16.4030580"/>
      <trkpt lat="48.2246740" lon="16.4033040"/>
      <trkpt lat="48.2246790" lon="16.4033680"/>
      <trkpt lat="48.2246770" lon="16.4034370"/>
      <trkpt lat="48.2246660" lon="16.4035140"/>
      <trkpt lat="48.2246450" lon="16.4035950"/>
      <trkpt lat="48.2245620" lon="16.4038290"/>
      <trkpt lat="48.2245390" lon="16.4039130"/>
      <trkpt lat="48.2245270" lon="16.4039870"/>
      <trkpt lat="48.2245250" lon="16.4040480"/>
      <trkpt lat="48.2245320" lon="16.4041120"/>
      <trkpt lat="48.2245500" lon="16.4041790"/>
      <trkpt lat="48.2245770" lon="16.4042320"/>
      <trkpt lat="48.2246450" lon="16.4043110"/>
      <trkpt lat="48.2247570" lon="16.4045220"/>
      <trkpt lat="48.2251880" lon="16.4053190"/>
      <trkpt lat="48.2252120" lon="16.4053640"/>
      <trkpt lat="48.2252900" lon="16.4055020"/>
      <trkpt lat="48.2253570" lon="16.4056230"/>
      <trkpt lat="48.2254460" lon="16.4055130"/>
      <trkpt lat="48.2257840" lon="16.4050710"/>
      <trkpt lat="48.2260520" lon="16.4047120"/>
      <trkpt lat="48.2261850" lon="16.4045330"/>
      <trkpt lat="48.2262210" lon="16.4044840"/>
      <trkpt lat="48.2263500" lon="16.4043000"/>
      <trkpt lat="48.2262320" lon="16.4042560"/>
      <trkpt lat="48.2261730" lon="16.4041410"/>
      <trkpt lat="48.2261380" lon="16.4040770"/>
      <trkpt lat="48.2256850" lon="16.4032470"/>
      <trkpt lat="48.2256280" lon="16.4031000"/>
      <trkpt lat="48.2255840" lon="16.4030390"/>
      <trkpt lat="48.2255410" lon="16.4029950"/>
      <trkpt lat="48.2254960" lon="16.4029610"/>
      <trkpt lat="48.2254400" lon="16.4029350"/>
      <trkpt lat="48.2253840" lon="16.4029250"/>
      <trkpt lat="48.2253330" lon="16.4029280"/>
      <trkpt lat="48.2252750" lon="16.4029460"/>
      <trkpt lat="48.2251080" lon="16.4030400"/>
      <trkpt lat="48.2250620" lon="16.4030570"/>
      <trkpt lat="48.2250230" lon="16.4030670"/>
      <trkpt lat="48.2249710" lon="16.4030690"/>
      <trkpt lat="48.2249330" lon="16.4030600"/>
      <trkpt lat="48.2248930" lon="16.4030430"/>
      <trkpt lat="48.2247310" lon="16.4029470"/>
      <trkpt lat="48.2245410" lon="16.4025890"/>
      <trkpt lat="48.2244010" lon="16.4023290"/>
      <trkpt lat="48.2242340" lon="16.4020170"/>
      <trkpt lat="48.2242000" lon="16.4019510"/>
      <trkpt lat="48.2241690" lon="16.4018920"/>
      <trkpt lat="48.2241370" lon="16.4018390"/>
      <trkpt lat="48.2241230" lon="16.4018190"/>
      <trkpt lat="48.2241060" lon="16.4017970"/>
      <trkpt lat="48.2240310" lon="16.4016890"/>
      <trkpt lat="48.2236810" lon="16.4010530"/>
      <trkpt lat="48.2233330" lon="16.4004110"/>
      <trkpt lat="48.2232940" lon="16.4003360"/>
      <trkpt lat="48.2232480" lon="16.4002480"/>
      <trkpt lat="48.2228350" lon="16.3994560"/>
      <trkpt lat="48.2225340" lon="16.3988970"/>
      <trkpt lat="48.2224960" lon="16.3988280"/>
      <trkpt lat="48.2224450" lon="16.3987320"/>
      <trkpt lat="48.2210620" lon="16.3961780"/>
      <trkpt lat="48.2209470" lon="16.3959600"/>
      <trkpt lat="48.2208580" lon="16.3957980"/>
      <trkpt lat="48.2207630" lon="16.3956250"/>
      <trkpt lat="48.2208600" lon="16.3955210"/>
      <trkpt lat="48.2208860" lon="16.3954890"/>
      <trkpt lat="48.2209410" lon="16.3954240"/>
      <trkpt lat="48.2211650" lon="16.3951490"/>
      <trkpt lat="48.2215610" lon="16.3946780"/>
      <trkpt lat="48.2218950" lon="16.3942760"/>
      <trkpt lat="48.2219440" lon="16.3942170"/>
      <trkpt lat="48.2218450" lon="16.3940440"/>
      <trkpt lat="48.2217130" lon="16.3937960"/>
      <trkpt lat="48.2216400" lon="16.3936630"/>
      <trkpt lat="48.2214300" lon="16.3932820"/>
      <trkpt lat="48.2213850" lon="16.3932080"/>
      <trkpt lat="48.2213370" lon="16.3931410"/>
      <trkpt lat="48.2212920" lon="16.3930960"/>
      <trkpt lat="48.2212350" lon="16.3930560"/>
      <trkpt lat="48.2211830" lon="16.3930290"/>
      <trkpt lat="48.2211110" lon="16.3930080"/>
      <trkpt lat="48.2210640" lon="16.3930040"/>
      <trkpt lat="48.2210230" lon="16.3930010"/>
      <trkpt lat="48.2209270" lon="16.3930090"/>
      <trkpt lat="48.2204550" lon="16.3930850"/>
      <trkpt lat="48.2204060" lon="16.3930770"/>
      <trkpt lat="48.2203670" lon="16.3930670"/>
      <trkpt lat="48.2202500" lon="16.3930390"/>
      <trkpt lat="48.2201660" lon="16.3930110"/>
      <trkpt lat="48.2200990" lon="16.3929830"/>
      <trkpt lat="48.2200580" lon="16.3929640"/>
      <trkpt lat="48.2200160" lon="16.3929690"/>
      <trkpt lat="48.2199840" lon="16.3929900"/>
      <trkpt lat="48.2199600" lon="16.3930350"/>
      <trkpt lat="48.2199520" lon="16.3930740"/>
      <trkpt lat="48.2199520" lon="16.3930900"/>
      <trkpt lat="48.2199510" lon="16.3931130"/>
      <trkpt lat="48.2199600" lon="16.3931540"/>
      <trkpt lat="48.2199760" lon="16.3931830"/>
      <trkpt lat="48.2199920" lon="16.3931930"/>
      <trkpt lat="48.2200090" lon="16.3931980"/>
      <trkpt lat="48.2200570" lon="16.3931920"/>
      <trkpt lat="48.2203610" lon="16.3931330"/>
      <trkpt lat="48.2204550" lon="16.3930850"/>
      <trkpt lat="48.2209270" lon="16.3930090"/>
      <trkpt lat="48.2210230" lon="16.3930010"/>
      <trkpt lat="48.2210640" lon="16.3930040"/>
      <trkpt lat="48.2211110" lon="16.3930080"/>
      <trkpt lat="48.2211830" lon="16.3930290"/>
      <trkpt lat="48.2212350" lon="16.3930560"/>
      <trkpt lat="48.2212920" lon="16.3930960"/>
      <trkpt lat="48.2213370" lon="16.3931410"/>
      <trkpt lat="48.2213850" lon="16.3932080"/>
      <trkpt lat="48.2214300" lon="16.3932820"/>
      <trkpt lat="48.2216400" lon="16.3936630"/>
      <trkpt lat="48.2217130" lon="16.3937960"/>
      <trkpt lat="48.2218450" lon="16.3940440"/>
      <trkpt lat="48.2219440" lon="16.3942170"/>
      <trkpt lat="48.2218950" lon="16.3942760"/>
      <trkpt lat="48.2215610" lon="16.3946780"/>
      <trkpt lat="48.2211650" lon="16.3951490"/>
      <trkpt lat="48.2209410" lon="16.3954240"/>
      <trkpt lat="48.2208860" lon="16.3954890"/>
      <trkpt lat="48.2208600" lon="16.3955210"/>
      <trkpt lat="48.2207630" lon="16.3956250"/>
      <trkpt lat="48.2207420" lon="16.3955880"/>
      <trkpt lat="48.2206740" lon="16.3954630"/>
      <trkpt lat="48.2205860" lon="16.3952680"/>
      <trkpt lat="48.2201250" lon="16.3944060"/>
      <trkpt lat="48.2199530" lon="16.3940620"/>
      <trkpt lat="48.2198100" lon="16.3937950"/>
      <trkpt lat="48.2196160" lon="16.3934650"/>
      <trkpt lat="48.2195470" lon="16.3933170"/>
      <trkpt lat="48.2194770" lon="16.3931030"/>
      <trkpt lat="48.2194650" lon="16.3930290"/>
      <trkpt lat="48.2194430" lon="16.3928090"/>
      <trkpt lat="48.2194360" lon="16.3925490"/>
      <trkpt lat="48.2194170" lon="16.3921700"/>
      <trkpt lat="48.2193600" lon="16.3918490"/>
      <trkpt lat="48.2192710" lon="16.3916050"/>
      <trkpt lat="48.2192110" lon="16.3913620"/>
      <trkpt lat="48.2191740" lon="16.3912080"/>
      <trkpt lat="48.2191550" lon="16.3910640"/>
      <trkpt lat="48.2191570" lon="16.3909570"/>
      <trkpt lat="48.2191830" lon="16.3907940"/>
      <trkpt lat="48.2191950" lon="16.3907420"/>
      <trkpt lat="48.2192260" lon="16.3906660"/>
      <trkpt lat="48.2192600" lon="16.3906140"/>
      <trkpt lat="48.2193100" lon="16.3905410"/>
      <trkpt lat="48.2193630" lon="16.3904890"/>
      <trkpt lat="48.2194310" lon="16.3904460"/>
      <trkpt lat="48.2194860" lon="16.3904210"/>
      <trkpt lat="48.2196100" lon="16.3903950"/>
      <trkpt lat="48.2196730" lon="16.3903960"/>
      <trkpt lat="48.2197300" lon="16.3903970"/>
      <trkpt lat="48.2198320" lon="16.3903880"/>
      <trkpt lat="48.2199490" lon="16.3903520"/>
      <trkpt lat="48.2200940" lon="16.3903210"/>
      <trkpt lat="48.2203500" lon="16.3902640"/>
      <trkpt lat="48.2205320" lon="16.3902300"/>
      <trkpt lat="48.2206440" lon="16.3901980"/>
      <trkpt lat="48.2206900" lon="16.3901560"/>
      <trkpt lat="48.2207410" lon="16.3901000"/>
      <trkpt lat="48.2207500" lon="16.3900890"/>
      <trkpt lat="48.2207580" lon="16.3900690"/>
      <trkpt lat="48.2207720" lon="16.3900390"/>
      <trkpt lat="48.2207780" lon="16.3900180"/>
      <trkpt lat="48.2207960" lon="16.3899530"/>
      <trkpt lat="48.2208140" lon="16.3898840"/>
      <trkpt lat="48.2208250" lon="16.3897880"/>
      <trkpt lat="48.2208270" lon="16.3897490"/>
      <trkpt lat="48.2208230" lon="16.3896860"/>
      <trkpt lat="48.2208170" lon="16.3895970"/>
      <trkpt lat="48.2207290" lon="16.3886690"/>
      <trkpt lat="48.2206600" lon="16.3879220"/>
      <trkpt lat="48.2206440" lon="16.3879110"/>
      <trkpt lat="48.2206000" lon="16.3878820"/>
      <trkpt lat="48.2198480" lon="16.3873870"/>
      <trkpt lat="48.2198110" lon="16.3873630"/>
      <trkpt lat="48.2197150" lon="16.3873000"/>
      <trkpt lat="48.2196160" lon="16.3872340"/>
      <trkpt lat="48.2193660" lon="16.3870640"/>
      <trkpt lat="48.2193090" lon="16.3870280"/>
      <trkpt lat="48.2189180" lon="16.3867620"/>
      <trkpt lat="48.2186000" lon="16.3865420"/>
      <trkpt lat="48.2185490" lon="16.3865100"/>
      <trkpt lat="48.2185110" lon="16.3864830"/>
      <trkpt lat="48.2182810" lon="16.3863170"/>
      <trkpt lat="48.2182080" lon="16.3862200"/>
      <trkpt lat="48.2180940" lon="16.3861250"/>
      <trkpt lat="48.2185310" lon="16.3839310"/>
      <trkpt lat="48.2188590" lon="16.3822720"/>
      <trkpt lat="48.2189560" lon="16.3810300"/>
      <trkpt lat="48.2189590" lon="16.3809860"/>
      <trkpt lat="48.2189630" lon="16.3809080"/>
      <trkpt lat="48.2189760" lon="16.3808660"/>
      <trkpt lat="48.2189810" lon="16.3808470"/>
      <trkpt lat="48.2189870" lon="16.3808280"/>
      <trkpt lat="48.2190010" lon="16.3807810"/>
      <trkpt lat="48.2188840" lon="16.3807770"/>
      <trkpt lat="48.2186310" lon="16.3807680"/>
      <trkpt lat="48.2184930" lon="16.3807690"/>
      <trkpt lat="48.2184410" lon="16.3807780"/>
      <trkpt lat="48.2183230" lon="16.3807970"/>
      <trkpt lat="48.2182890" lon="16.3808030"/>
      <trkpt lat="48.2181680" lon="16.3808110"/>
      <trkpt lat="48.2180830" lon="16.3808140"/>
      <trkpt lat="48.2179680" lon="16.3808070"/>
      <trkpt lat="48.2175660" lon="16.3808010"/>
      <trkpt lat="48.2173850" lon="16.3808040"/>
      <trkpt lat="48.2173840" lon="16.3808040"/>
      <trkpt lat="48.2172140" lon="16.3808070"/>
      <trkpt lat="48.2170360" lon="16.3808030"/>
      <trkpt lat="48.2168170" lon="16.3807880"/>
      <trkpt lat="48.2166440" lon="16.3807650"/>
      <trkpt lat="48.2165450" lon="16.3807400"/>
      <trkpt lat="48.2163000" lon="16.3806500"/>
      <trkpt lat="48.2159970" lon="16.3804950"/>
      <trkpt lat="48.2159490" lon="16.3804710"/>
      <trkpt lat="48.2159310" lon="16.3804640"/>
      <trkpt lat="48.2158430" lon="16.3804300"/>
      <trkpt lat="48.2157570" lon="16.3803910"/>
      <trkpt lat="48.2156700" lon="16.3803560"/>
      <trkpt lat="48.2156510" lon="16.3803490"/>
      <trkpt lat="48.2156280" lon="16.3803410"/>
      <trkpt lat="48.2155730" lon="16.3803230"/>
      <trkpt lat="48.2150230" lon="16.3801890"/>
      <trkpt lat="48.2144580" lon="16.3800510"/>
      <trkpt lat="48.2143190" lon="16.3800100"/>
      <trkpt lat="48.2142530" lon="16.3799910"/>
      <trkpt lat="48.2142480" lon="16.3799890"/>
      <trkpt lat="48.2141960" lon="16.3799700"/>
      <trkpt lat="48.2141120" lon="16.3799390"/>
      <trkpt lat="48.2140880" lon="16.3799300"/>
      <trkpt lat="48.2140340" lon="16.3799080"/>
      <trkpt lat="48.2139010" lon="16.3798530"/>
      <trkpt lat="48.2138460" lon="16.3798310"/>
      <trkpt lat="48.2138370" lon="16.3798270"/>
      <trkpt lat="48.2138070" lon="16.3798150"/>
      <trkpt lat="48.2135420" lon="16.3797090"/>
      <trkpt lat="48.2133590" lon="16.3796200"/>
      <trkpt lat="48.2127930" lon="16.3792910"/>
      <trkpt lat="48.2127280" lon="16.3792190"/>
      <trkpt lat="48.2126840" lon="16.3791850"/>
      <trkpt lat="48.2126630" lon="16.3791680"/>
      <trkpt lat="48.2126320" lon="16.3791440"/>
      <trkpt lat="48.2125880" lon="16.3791170"/>
      <trkpt lat="48.2125260" lon="16.3790840"/>
      <trkpt lat="48.2124600" lon="16.3790520"/>
      <trkpt lat="48.2118260" lon="16.3787430"/>
      <trkpt lat="48.2118130" lon="16.3787370"/>
      <trkpt lat="48.2117520" lon="16.3787090"/>
      <trkpt lat="48.2116660" lon="16.3786680"/>
      <trkpt lat="48.2116570" lon="16.3787080"/>
      <trkpt lat="48.2116510" lon="16.3787350"/>
      <trkpt lat="48.2116420" lon="16.3787740"/>
      <trkpt lat="48.2116060" lon="16.3788860"/>
      <trkpt lat="48.2115550" lon="16.3791300"/>
      <trkpt lat="48.2115230" lon="16.3794170"/>
      <trkpt lat="48.2114950" lon="16.3796900"/>
      <trkpt lat="48.2114860" lon="16.3798320"/>
      <trkpt lat="48.2114820" lon="16.3798990"/>
      <trkpt lat="48.2114780" lon="16.3799700"/>
      <trkpt lat="48.2114680" lon="16.3801780"/>
      <trkpt lat="48.2114340" lon="16.3808040"/>
      <trkpt lat="48.2114200" lon="16.3810640"/>
      <trkpt lat="48.2114050" lon="16.3817350"/>
      <trkpt lat="48.2114010" lon="16.3818990"/>
      <trkpt lat="48.2113870" lon="16.3825070"/>
      <trkpt lat="48.2113450" lon="16.3825860"/>
      <trkpt lat="48.2113090" lon="16.3826480"/>
      <trkpt lat="48.2112610" lon="16.3826930"/>
      <trkpt lat="48.2112510" lon="16.3827030"/>
      <trkpt lat="48.2112360" lon="16.3827180"/>
      <trkpt lat="48.2112000" lon="16.3827540"/>
      <trkpt lat="48.2111750" lon="16.3827680"/>
      <trkpt lat="48.2110870" lon="16.3827990"/>
      <trkpt lat="48.2109590" lon="16.3827790"/>
      <trkpt lat="48.2109020" lon="16.3827700"/>
      <trkpt lat="48.2108360" lon="16.3827600"/>
      <trkpt lat="48.2107650" lon="16.3827380"/>
      <trkpt lat="48.2107190" lon="16.3827260"/>
      <trkpt lat="48.2100600" lon="16.3825590"/>
      <trkpt lat="48.2100150" lon="16.3825480"/>
      <trkpt lat="48.2098480" lon="16.3825040"/>
      <trkpt lat="48.2090180" lon="16.3822790"/>
      <trkpt lat="48.2089700" lon="16.3822660"/>
      <trkpt lat="48.2088940" lon="16.3822330"/>
      <trkpt lat="48.2088760" lon="16.3822870"/>
      <trkpt lat="48.2088520" lon="16.3823600"/>
      <trkpt lat="48.2088150" lon="16.3824660"/>
      <trkpt lat="48.2087840" lon="16.3825560"/>
      <trkpt lat="48.2087570" lon="16.3826330"/>
      <trkpt lat="48.2086800" lon="16.3828590"/>
      <trkpt lat="48.2084980" lon="16.3833880"/>
      <trkpt lat="48.2084740" lon="16.3834580"/>
      <trkpt lat="48.2084500" lon="16.3835310"/>
      <trkpt lat="48.2083390" lon="16.3838700"/>
      <trkpt lat="48.2083360" lon="16.3838780"/>
      <trkpt lat="48.2083320" lon="16.3838930"/>
      <trkpt lat="48.2082870" lon="16.3840160"/>
      <trkpt lat="48.2082190" lon="16.3839600"/>
      <trkpt lat="48.2080360" lon="16.3838080"/>
      <trkpt lat="48.2079090" lon="16.3837090"/>
      <trkpt lat="48.2071330" lon="16.3831400"/>
      <trkpt lat="48.2067270" lon="16.3828420"/>
      <trkpt lat="48.2066920" lon="16.3828140"/>
      <trkpt lat="48.2066030" lon="16.3827460"/>
      <trkpt lat="48.2064900" lon="16.3826590"/>
      <trkpt lat="48.2062260" lon="16.3824720"/>
      <trkpt lat="48.2061680" lon="16.3824350"/>
      <trkpt lat="48.2061110" lon="16.3824070"/>
      <trkpt lat="48.2060460" lon="16.3823850"/>
      <trkpt lat="48.2059820" lon="16.3823710"/>
      <trkpt lat="48.2059090" lon="16.3823670"/>
      <trkpt lat="48.2058330" lon="16.3823760"/>
      <trkpt lat="48.2057540" lon="16.3824010"/>
      <trkpt lat="48.2056810" lon="16.3824350"/>
      <trkpt lat="48.2056070" lon="16.3824850"/>
      <trkpt lat="48.2055360" lon="16.3825480"/>
      <trkpt lat="48.2054670" lon="16.3826200"/>
      <trkpt lat="48.2052580" lon="16.3828750"/>
      <trkpt lat="48.2052120" lon="16.3829260"/>
      <trkpt lat="48.2051520" lon="16.3829780"/>
      <trkpt lat="48.2051010" lon="16.3830120"/>
      <trkpt lat="48.2050350" lon="16.3830490"/>
      <trkpt lat="48.2049720" lon="16.3830730"/>
      <trkpt lat="48.2049090" lon="16.3830840"/>
      <trkpt lat="48.2048360" lon="16.3830900"/>
      <trkpt lat="48.2047550" lon="16.3830910"/>
      <trkpt lat="48.2046680" lon="16.3830860"/>
      <trkpt lat="48.2046340" lon="16.3830820"/>
      <trkpt lat="48.2045800" lon="16.3830750"/>
      <trkpt lat="48.2045010" lon="16.3830610"/>
      <trkpt lat="48.2044210" lon="16.3830410"/>
      <trkpt lat="48.2042970" lon="16.3829890"/>
      <trkpt lat="48.2042230" lon="16.3829500"/>
      <trkpt lat="48.2040460" lon="16.3828560"/>
      <trkpt lat="48.2038160" lon="16.3825500"/>
  </trkseg></trk>
</gpx>